ClubPlant,Cluster,SubCluster,Destination,Operator,TruckType,NoofIndents
1110,E1,E1,4002,ANAND,32 MA,4
1110,E1,E1,4002,DGFC,32 MA,6
1110,E1,E1,6200,ANAND,32 MA,4
1110,E1,E1,6200,DGFC,32 MA,7
1110,E1,E1,6202,DGFC,32 MA,2
1110,E1,E1,6203,ANAND,32 MA,1
1110,E1,E1,6204,DGFC,32 MA,1
1110,E2,E2,400062,ANAND,32 MA,1
1110,E2,E2,6000,ANAND,32 MA,3
1110,E2,E2,6000,KAPOOR,32 MA,4
1110,E2,E2,6001,ANAND,32 MA,2
1110,E2,E2,6003,ANAND,32 MA,1
1110,E2,E2,6004,ANAND,32 MA,2
1110,E2,E2,6012,ANAND,32 MA,2
1110,E2,E2,6013,ANAND,32 MA,2
1110,E2,E2,6053,ANAND,32 MA,6
1110,E2,E2,6053,KAPOOR,32 MA,1
1110,E2,E2,6102,ANAND,32 MA,3
1110,N1,N1,5151,RCI,32 MA,1
1110,N1,N1,5153,DBRC,32 MA,1
1110,N1,N1,5153,RCI,32 MA,1
1110,N1,N1,5203,RCI,32 MA,1
1110,N2,N2,400044,DRS,32 MA,1
1110,N2,N2,400045,DRS,32 MA,2
1110,N2,N2,400294,DRS,32 MA,2
1110,N2,N2,5050,APML,32 MA,2
1110,N2,N2,5050,DRS,32 MA,5
1110,N2,N2,5301,DRS,32 MA,2
1110,N2,N2,5306,DRS,32 MA,1
1110,N3,N3,400025,DRS,32 MA,1
1110,N3,N3,400057,APML,32 MA,2
1110,N3,N3,400057,DBRC,32 MA,1
1110,N3,N3,400057,DRS,32 MA,3
1110,N3,N3,400083,DBRC,32 MA,1
1110,N3,N3,5040,APML,32 MA,1
1110,N3,N3,5040,DBRC,32 MA,3
1110,N3,N3,5040,DRS,32 MA,1
1110,N3,N3,5040,RCI,32 MA,2
1110,N3,N3,5120,APML,32 MA,2
1110,N3,N3,5120,DBRC,32 MA,2
1110,N3,N3,5120,DRS,32 MA,3
1110,N3,N3,5120,RCI,32 MA,3
1110,S1,S1,400024,GNANABELLA,18 FT,11
1110,S1,S1,400024,GNANABELLA,32 MA,1
1110,S1,S1,400024,KTC,18 FT,6
1110,S1,S1,400024,MEGA,18 FT,6
1110,S1,S1,400054,GNANABELLA,18 FT,3
1110,S1,S1,400054,KTC,18 FT,2
1110,S1,S1,8303,MEGA,18 FT,2
1110,S1,S1,8304,KTC,18 FT,1
1110,S1,S1,8304,MEGA,18 FT,3
1110,S1,S1,8305,KTC,18 FT,3
1110,S1,S1,8305,MEGA,18 FT,2
1110,S1,S1,8306,KTC,18 FT,1
1110,S1,S1,8306,MEGA,18 FT,1
1110,S1,S1,8311,GBL,18 FT,1
1110,S1,S1,8311,KTC,18 FT,1
1110,S1,S1,8313,GBL,18 FT,1
1110,S1,S1,8313,KTC,18 FT,1
1110,S1,S1,8351,ANAND,32 MA,1
1110,S1,S1,8351,GNANABELLA,18 FT,1
1110,S1,S1,8351,KTC,18 FT,4
1110,S1,S1,8351,MEGA,18 FT,1
1110,S1,S1,8352,GBL,18 FT,2
1110,S1,S1,8352,GNANABELLA,18 FT,1
1110,S1,S1,8352,KTC,18 FT,4
1110,S1,S1,8352,MEGA,18 FT,1
1110,S1,S1,8353,DEDICATED,32 MA,1
1110,S1,S1,8353,KTC,18 FT,3
1110,S1,S1,8354,GNANABELLA,18 FT,1
1110,S1,S1,8354,KTC,18 FT,2
1110,S1,S1,8355,GBL,18 FT,2
1110,S1,S1,8356,GNANABELLA,18 FT,1
1110,S1,S1,8356,KTC,18 FT,1
1110,S1,S1_1,400063,ILAN,18 FT,6
1110,S1,S1_1,400147,ILAN,18 FT,2
1110,S1,S1_1,400324,ILAN,18 FT,1
1110,S1,S1_1,8300,DEDICATED,32 MA,6
1110,S1,S1_1,8300,GNANABELLA,18 FT,10
1110,S1,S1_1,8300,ILAN,18 FT,20
1110,S1,S1_1,8300,RCI,32 MA,1
1110,S1,S1_1,8301,GBL,18 FT,2
1110,S1,S1_1,8301,ILAN,18 FT,5
1110,S1,S1_1,8302,ILAN,18 FT,1
1110,S1,S1_1,8312,GBL,18 FT,2
1110,S1,S1_1,8312,ILAN,18 FT,3
1110,S1,S1_2,4000,CHINNA,18 FT,29
1110,S1,S1_2,4000,NITHISH,18 FT,10
1110,S1,S1_2,4000,NITISH,18 FT,19
1110,S1,S1_2,4003,CHINNA,18 FT,36
1110,S1,S1_2,4003,NITHISH,18 FT,8
1110,S1,S1_2,4003,NITISH,18 FT,29
1110,S2,S2,400047,DEDICATED,32 MA,2
1110,S2,S2,400047,EXPRESS,32 MA,2
1110,S2,S2,400047,GNANABELLA,18 FT,9
1110,S2,S2,400047,KTC,18 FT,4
1110,S2,S2,400047,MEGA,18 FT,2
1110,S2,S2,400047,RCI,32 MA,1
1110,S2,S2,400090,GNANABELLA,18 FT,1
1110,S2,S2,400090,KTC,18 FT,1
1110,S2,S2,400327,CHINNA,32 MA,1
1110,S2,S2,400327,KTC,18 FT,4
1110,S2,S2,400348,GNANABELLA,18 FT,1
1110,S2,S2,8006,KTC,18 FT,1
1110,S2,S2,8010,CHINNA,32 MA,1
1110,S2,S2,8010,DEDICATED,32 MA,1
1110,S2,S2,8010,GNANABELLA,18 FT,1
1110,S2,S2,8010,KTC,18 FT,3
1110,S2,S2,8010,MEGA,18 FT,4
1110,S2,S2,8052,KTC,18 FT,1
1110,S2,S2,8103,KTC,18 FT,1
1110,S2,S2,8103,KTC,24 FT,1
1110,S2,S2,8105,MEGA,18 FT,1
1110,S2,S2,8110,GNANABELLA,18 FT,1
1110,S2,S2,8110,KTC,18 FT,2
1110,S2,S2,8110,MEGA,18 FT,2
1110,S3,S3,8251,RCI,18 FT,4
1110,S3,S3,8252,RCI,18 FT,2
1110,S3,S3,8253,RCI,18 FT,1
1110,S3,S3,8255,RCI,18 FT,2
1110,S3,S3,8258,RCI,18 FT,4
1110,S3,S3,8261,RCI,18 FT,1
1110,S9,S9_1,4001,DEDICATED,32 MA,18
1110,S9,S9_1,8150,DEDICATED,32 MA,12
1110,S9,S9_1,8256,DEDICATED,32 MA,3
1110,W1,W1,400023,APML,32 MA,1
1110,W1,W1,400048,APML,32 MA,2
1110,W1,W1,400048,EAST INDIA,32 MA,2
1110,W1,W1,400048,MEGA,32 MA,2
1110,W1,W1,400191,APML,32 MA,2
1110,W1,W1,400241,APML,32 MA,1
1110,W1,W1,400241,MEGA,32 MA,1
1110,W1,W1,400329,EAST INDIA,32 MA,1
1110,W1,W1,400341,APML,32 MA,1
1110,W1,W1,400341,MEGA,32 MA,1
1110,W1,W1,7000,MEGA,32 MA,2
1110,W1,W1,7051,MEGA,32 MA,1
1110,W1,W1,7102,EAST INDIA,32 MA,1
1110,W1,W1,7150,EAST INDIA,32 MA,2
1110,W1,W1,7150,MEGA,32 MA,3
1110,W1,W1,7152,EAST INDIA,32 MA,1
1110,W1,W1,7152,MEGA,32 MA,1
1110,W2,W2,7250,RCI,32 MA,5
1110,W2,W2,7251,RCI,32 MA,1
1110,W2,W2,7254,RCI,32 MA,2
1110,W2,W2,7301,RCI,32 MA,1
1110,W2,W2,7302,RCI,32 MA,3
1120,E5,E5,400181,DGFC,32 MA,1
1120,E5,E5,400181,KAPOOR,32 MA,1
1120,E5,E5,4002,DGFC,32 MA,1
1120,E5,E5,4002,KAPOOR,32 MA,2
1120,E5,E5,4002,KTC,32 MA,2
1120,E5,E5,6000,DGFC,32 MA,1
1120,E5,E5,6000,KTC,32 MA,2
1120,E5,E5,6053,KAPOOR,32 MA,2
1120,E5,E5,6102,KAPOOR,32 MA,2
1120,E5,E5,6200,DGFC,32 MA,1
1120,E5,E5,6200,KAPOOR,32 MA,2
1120,E5,E5,6202,KAPOOR,32 MA,1
1120,N7,N7,400025,EAST INDIA,32 SA,2
1120,N7,N7,400025,LG BROTHERS,32 SA,1
1120,N7,N7,400025,NSTCL,32 SA,5
1120,N7,N7,400025,VARUNA,32 SA,5
1120,N7,N7,400041,LG BROTHERS,32 SA,2
1120,N7,N7,400041,NSTCL,32 SA,3
1120,N7,N7,400041,VARUNA,32 SA,2
1120,N7,N7,400044,EAST INDIA,32 MA,1
1120,N7,N7,400044,EAST INDIA,32 SA,1
1120,N7,N7,400044,LG BROTHERS,32 SA,4
1120,N7,N7,400044,NSTCL,32 SA,6
1120,N7,N7,400044,VARUNA,32 SA,1
1120,N7,N7,400045,EAST INDIA,32 SA,1
1120,N7,N7,400045,LG BROTHERS,32 SA,4
1120,N7,N7,400045,NSTCL,32 SA,11
1120,N7,N7,400045,VARUNA,32 SA,2
1120,N7,N7,400051,EAST INDIA,32 MA,1
1120,N7,N7,400051,EAST INDIA,32 SA,3
1120,N7,N7,400051,LG BROTHERS,32 SA,5
1120,N7,N7,400051,MAHAVEERA,32 MA,1
1120,N7,N7,400051,NSTCL,32 SA,32
1120,N7,N7,400051,VARUNA,32 SA,2
1120,N7,N7,400057,DRS,32 MA,1
1120,N7,N7,400057,EAST INDIA,32 MA,1
1120,N7,N7,400083,EAST INDIA,32 SA,2
1120,N7,N7,400083,LG BROTHERS,32 MA,2
1120,N7,N7,400083,LG BROTHERS,32 SA,2
1120,N7,N7,400083,NSTCL,32 SA,9
1120,N7,N7,400083,VARUNA,32 SA,1
1120,N7,N7,400206,EAST INDIA,32 SA,1
1120,N7,N7,400206,LG BROTHERS,32 SA,1
1120,N7,N7,400206,NSTCL,32 SA,3
1120,N7,N7,400206,VARUNA,32 SA,1
1120,N7,N7,400294,EAST INDIA,32 SA,1
1120,N7,N7,400294,NSTCL,32 SA,2
1120,N7,N7,400347,EAST INDIA,32 MA,1
1120,N7,N7,400347,EAST INDIA,32 SA,2
1120,N7,N7,400347,KAPOOR,32 SA,1
1120,N7,N7,400347,LG BROTHERS,32 SA,2
1120,N7,N7,400347,NSTCL,32 SA,10
1120,N7,N7,400357,NSTCL,32 SA,2
1120,N7,N7,5040,DGFC,32 MA,1
1120,N7,N7,5040,DRS,32 MA,1
1120,N7,N7,5040,EAST INDIA,32 MA,2
1120,N7,N7,5040,LG BROTHERS,32 MA,3
1120,N7,N7,5040,NSTCL,32 SA,1
1120,N7,N7,5040,VARUNA,32 MA,3
1120,N7,N7,5050,DRS,32 MA,2
1120,N7,N7,5050,NSTCL,32 SA,1
1120,N7,N7,5050,RCI,32 MA,1
1120,N7,N7,5050,VARUNA,32 MA,3
1120,N7,N7,5050,VARUNA,32 SA,1
1120,N7,N7,5052,LG BROTHERS,32 MA,1
1120,N7,N7,5052,NSTCL,32 SA,1
1120,N7,N7,5052,RCI,32 MA,2
1120,N7,N7,5053,NSTCL,32 SA,1
1120,N7,N7,5053,RCI,32 MA,1
1120,N7,N7,5061,LG BROTHERS,32 MA,1
1120,N7,N7,5104,LG BROTHERS,32 MA,2
1120,N7,N7,5104,NSTCL,32 SA,1
1120,N7,N7,5106,LG,32 SA,1
1120,N7,N7,5106,LG BROTHERS,32 MA,1
1120,N7,N7,5106,NSTCL,32 SA,1
1120,N7,N7,5120,DGFC,32 MA,3
1120,N7,N7,5120,DRS,32 MA,2
1120,N7,N7,5120,LG BROTHERS,32 MA,2
1120,N7,N7,5120,RCI,32 MA,1
1120,N7,N7,5120,VARUNA,32 SA,2
1120,N7,N7,5301,LG BROTHERS,32 MA,3
1120,N7,N7,5301,NSTCL,32 SA,1
1120,N7,N7,5301,VARUNA,32 SA,2
1120,N7,N7,5305,DRS,32 MA,1
1120,N7,N7,5305,NSTCL,32 SA,1
1120,N7,N7,5305,VARUNA,32 SA,2
1120,N7,N7,5306,DRS,32 MA,1
1120,N7,N7,5306,LG BROTHERS,32 MA,1
1120,N7,N7,5306,NSTCL,32 SA,1
1120,N7,N7,5309,VARUNA,32 SA,1
1120,N7,N7_1,400151,EAST INDIA,32 SA,2
1120,N7,N7_1,400151,VARUNA,32 SA,5
1120,N7,N7_1,5203,VARUNA,32 MA,1
1120,S4,S4,400355,MEGA,18 FT,1
1120,S4,S4,8255,MEGA,18 FT,1
1120,S4,S4,8256,MEGA,18 FT,2
1120,S4,S4,8261,MEGA,18 FT,2
1120,S4,S4_1,400047,KTC,18 FT,3
1120,S4,S4_1,4001,EAST INDIA,18 FT,12
1120,S4,S4_1,4001,KTC,18 FT,5
1120,S4,S4_1,4001,VARUNA,18 FT,6
1120,S4,S4_1,400348,KTC,18 FT,1
1120,S4,S4_1,8002,KTC,18 FT,1
1120,S4,S4_1,8003,EAST INDIA,18 FT,1
1120,S4,S4_1,8003,KTC,18 FT,1
1120,S4,S4_1,8004,EAST,18 FT,1
1120,S4,S4_1,8004,EAST INDIA,18 FT,1
1120,S4,S4_1,8004,KTC,18 FT,2
1120,S4,S4_1,8005,KTC,18 FT,2
1120,S4,S4_1,8010,EAST INDIA,18 FT,3
1120,S4,S4_1,8010,KTC,18 FT,4
1120,S4,S4_1,8010,VARUNA,18 FT,3
1120,S4,S4_1,8051,KTC,18 FT,3
1120,S4,S4_1,8051,MEGA,18 FT,1
1120,S4,S4_1,8052,KTC,18 FT,4
1120,S4,S4_1,8054,EAST INDIA,18 FT,2
1120,S4,S4_1,8054,KTC,18 FT,2
1120,S4,S4_1,8055,KTC,18 FT,1
1120,S4,S4_1,8110,KTC,18 FT,3
1120,S4,S4_2,4000,EAST INDIA,18 FT,1
1120,S4,S4_2,4000,KTC,18 FT,2
1120,S4,S4_2,4000,RCI,18 FT,2
1120,S4,S4_2,4000,VARUNA,18 FT,5
1120,S4,S4_2,400024,DEDICATED,18 FT,1
1120,S4,S4_2,400024,DEDICATED,32 MA,1
1120,S4,S4_2,400024,EAST INDIA,18 FT,4
1120,S4,S4_2,400024,KTC,18 FT,6
1120,S4,S4_2,400024,RCI,18 FT,4
1120,S4,S4_2,400054,KTC,18 FT,1
1120,S4,S4_2,400063,KTC,18 FT,1
1120,S4,S4_2,400063,RCI,18 FT,1
1120,S4,S4_2,400068,EAST INDIA,24 FT,1
1120,S4,S4_2,400147,EAST INDIA,18 FT,1
1120,S4,S4_2,400147,KTC,18 FT,2
1120,S4,S4_2,400147,RCI,18 FT,1
1120,S4,S4_2,400147,VARUNA,18 FT,1
1120,S4,S4_2,4003,EAST INDIA,18 FT,12
1120,S4,S4_2,4003,KTC,18 FT,10
1120,S4,S4_2,4003,RCI,18 FT,1
1120,S4,S4_2,4003,VARUNA,18 FT,5
1120,S4,S4_2,400306,MEGA,18 FT,1
1120,S4,S4_2,400327,KTC,18 FT,1
1120,S4,S4_2,8300,DEDICATED,32 MA,1
1120,S4,S4_2,8300,EAST INDIA,18 FT,4
1120,S4,S4_2,8300,KTC,18 FT,5
1120,S4,S4_2,8300,RCI,18 FT,1
1120,S4,S4_2,8300,VARUNA,18 FT,3
1120,S4,S4_2,8303,KTC,18 FT,4
1120,S4,S4_2,8305,DEDICATED,18 FT,1
1120,S4,S4_2,8305,KTC,18 FT,1
1120,S4,S4_2,8305,RCI,18 FT,1
1120,S4,S4_2,8313,KTC,18 FT,2
1120,S4,S4_2,8351,DEDICATED,32 MA,1
1120,S4,S4_2,8351,EAST INDIA,18 FT,1
1120,S4,S4_2,8351,KTC,18 FT,1
1120,S4,S4_2,8352,VARUNA,18 FT,1
1120,S4,S4_2,8353,KTC,18 FT,1
1120,S4,S4_2,8353,MEGA,18 FT,1
1120,S4,S4_2,8354,EAST INDIA,18 FT,2
1120,S4,S4_2,8354,KTC,18 FT,2
1120,S9,S9_2,400310,DEDICATED,32 MA,12
1120,S9,S9_2,400310,EXPRESS,32 MA,2
1120,S9,S9_2,400310,MEGA,32 MA,1
1120,S9,S9_2,8150,DEDICATED,32 MA,14
1120,S9,S9_2,8150,EXPRESS,32 MA,1
1120,S9,S9_2,8150,KTC,32 MA,1
1120,W5,W5,400039,LG BROTHERS,32 SA,13
1120,W5,W5,400039,NSTCL,32 SA,4
1120,W5,W5,400043,EXPRESS,32 MA,1
1120,W5,W5,400043,LG BROTHERS,32 SA,27
1120,W5,W5,400043,NSTCL,32 SA,4
1120,W5,W5,400048,EAST INDIA,32 MA,1
1120,W5,W5,400048,EAST INDIA,32 SA,1
1120,W5,W5,400048,LG BROTHERS,32 SA,9
1120,W5,W5,400191,MEGA,32 MA,2
1120,W5,W5,400318,LG BROTHERS,32 SA,5
1120,W5,W5,400329,LG BROTHERS,32 SA,1
1120,W5,W5,5156,EXPRESS,32 MA,1
1120,W5,W5,5156,SWASTIK,32 MA,1
1120,W5,W5,7000,LG BROTHERS,32 SA,1
1120,W5,W5,7000,RCI,32 MA,1
1120,W5,W5,7000,SWASTIK,32 MA,2
1120,W5,W5,7051,MEGA,32 MA,1
1120,W5,W5,7051,RCI,32 MA,1
1120,W5,W5,7102,EXPRESS,32 MA,1
1120,W5,W5,7102,MEGA,32 MA,1
1120,W5,W5,7103,EXPRESS,32 MA,1
1120,W5,W5,7105,EXPRESS,32 MA,1
1120,W5,W5,7105,LG BROTHERS,32 SA,1
1120,W5,W5,7105,MEGA,32 MA,1
1120,W5,W5,7105,NSTCL,32 SA,1
1120,W5,W5,7150,DGFC,32 MA,1
1120,W5,W5,7150,EXPRESS,32 MA,2
1120,W5,W5,7150,MEGA,32 MA,1
1120,W5,W5,7150,NSTCL,32 SA,1
1120,W5,W5,7150,SWASTIK,32 MA,2
1120,W5,W5,7151,EAST INDIA,32 MA,1
1120,W5,W5,7151,EXPRESS,32 MA,1
1120,W5,W5,7152,EXPRESS,32 MA,4
1120,W5,W5,7152,NSTCL,32 SA,1
1120,W5,W5,7152,RCI,32 MA,1
1120,W5,W5,7153,EXPRESS,32 MA,1
1120,W5,W5,7161,NSTCL,32 SA,1
1120,W5,W5,7250,DGFC,32 MA,3
1120,W5,W5,7250,EXPRESS,32 MA,3
1120,W5,W5,7250,LG BROTHERS,32 SA,3
1120,W5,W5,7250,NSTCL,32 SA,2
1120,W5,W5,7250,RCI,32 MA,2
1120,W5,W5,7251,EXPRESS,32 MA,1
1120,W5,W5,7251,LG BROTHERS,32 SA,2
1120,W5,W5,7251,NSTCL,32 SA,2
1120,W5,W5,7252,DGFC,32 MA,1
1120,W5,W5,7252,EXPRESS,32 MA,1
1120,W5,W5,7253,DGFC,32 MA,2
1120,W5,W5,7254,DGFC,32 MA,1
1120,W5,W5,7254,LG BROTHERS,32 SA,1
1120,W5,W5,7302,DGFC,32 MA,1
1120,W5,W5,7302,MEGA,32 MA,1
1120,W5,W5,7302,RCI,32 MA,1
1120,W5,W5,7302,SWASTIK,32 MA,1
1130,E6,E6,102900,ANAND,18 FT,1
1130,E6,E6,115231,ANAND,18 FT,1
1130,E6,E6,115482,KAPOOR,32 MA,1
1130,E6,E6,400035,ANAND,32 MA,2
1130,E6,E6,400035,KAPOOR,32 MA,2
1130,E6,E6,400035,NCS,32 MA,1
1130,E6,E6,400181,ANAND,32 MA,5
1130,E6,E6,400181,KAPOOR,32 MA,2
1130,E6,E6,4002,ANAND,18 FT,2
1130,E6,E6,4002,ANAND,32 MA,1
1130,E6,E6,4002,KAPOOR,32 MA,1
1130,E6,E6,4002,NCS,32 MA,3
1130,E6,E6,6000,ANAND,18 FT,2
1130,E6,E6,6000,KAPOOR,32 MA,5
1130,E6,E6,6000,NCS,32 MA,3
1130,E6,E6,6001,ANAND,32 MA,1
1130,E6,E6,6001,KAPOOR,32 MA,1
1130,E6,E6,6001,NCS,32 MA,1
1130,E6,E6,6003,ANAND,32 MA,1
1130,E6,E6,6003,KAPOOR,32 MA,2
1130,E6,E6,6003,TRANSRAIL,32 MA,1
1130,E6,E6,6004,ANAND,32 MA,1
1130,E6,E6,6004,KAPOOR,32 MA,1
1130,E6,E6,6004,NCS,32 MA,1
1130,E6,E6,6011,NCS,32 MA,1
1130,E6,E6,6012,KAPOOR,32 MA,2
1130,E6,E6,6013,KAPOOR,32 MA,2
1130,E6,E6,6013,NCS,32 MA,1
1130,E6,E6,6052,KAPOOR,32 MA,1
1130,E6,E6,6052,NCS,32 MA,1
1130,E6,E6,6053,ANAND,18 FT,1
1130,E6,E6,6053,ANAND,32 MA,1
1130,E6,E6,6053,KAPOOR,32 MA,5
1130,E6,E6,6200,ANAND,18 FT,2
1130,E6,E6,6200,ANAND,32 MA,1
1130,E6,E6,6200,DGFC,32 MA,1
1130,E6,E6,6200,KAPOOR,32 MA,5
1130,E6,E6,6200,NCS,32 MA,1
1130,E6,E6,6201,KAPOOR,32 MA,1
1130,E6,E6,6202,KAPOOR,32 MA,3
1130,E6,E6,6202,NCS,32 MA,1
1130,E6,E6,6204,KAPOOR,32 MA,1
1130,E6,E6,6204,SHREE SHYAM,32 MA,1
1130,E6,E6,6205,KAPOOR,32 MA,1
1130,E6,E6,6206,KAPOOR,32 MA,4
1130,E6,E6,6207,ANAND,18 FT,2
1130,E6,E6,6207,ANAND,32 MA,1
1130,E6,E6,6207,KAPOOR,32 MA,2
1130,E6,E6_1,6102,ANAND,32 MA,3
1130,E6,E6_1,6102,KAPOOR,32 MA,2
1130,E6,E6_1,6102,NCS,32 MA,3
1130,E6,E6_1,6102,TRANSRAIL,18 FT,5
1130,E6,E6_1,6102,TRANSRAIL,32 MA,6
1130,N8,N8,114218,EAST INDIA,18 FT,1
1130,N8,N8,114776,EAST INDIA,32 MA,1
1130,N8,N8,5001,KP TRANSPORT,32 MA,2
1130,N8,N8,5001,SHRINIWASA,32 MA,1
1130,N8,N8,5002,KP TRANSPORT,32 MA,3
1130,N8,N8,5002,SHRINIWASA,32 MA,1
1130,N8,N8,5004,KP TRANSPORT,32 MA,1
1130,N8,N8,5004,SHRINIWASA,32 MA,1
1130,N8,N8,5004,SWASTIK,32 MA,1
1130,N8,N8,5006,SHRINIWASA,32 MA,2
1130,N8,N8,5050,AVG,32 MA,4
1130,N8,N8,5050,DBRC,32 MA,2
1130,N8,N8,5050,DRS,32 MA,3
1130,N8,N8,5050,INDOARYA,32 MA,4
1130,N8,N8,5050,KP TRANSPORT,32 MA,1
1130,N8,N8,5050,LG BROTHERS,32 MA,1
1130,N8,N8,5050,SHRINIWASA,32 MA,3
1130,N8,N8,5050,SWASTIK,32 MA,2
1130,N8,N8,5050,VIKAS,32 MA,1
1130,N8,N8,5052,SHRINIWASA,32 MA,2
1130,N8,N8,5052,SWASTIK,32 MA,1
1130,N8,N8,5053,SHRINIWASA,32 MA,3
1130,N8,N8,5053,SWASTIK,32 MA,2
1130,N8,N8,5054,SHREE SHYAM,32 MA,1
1130,N8,N8,5054,SHRINIWASA,32 MA,2
1130,N8,N8,5055,SHREE SHYAM,32 MA,2
1130,N8,N8,5055,SHRINIWASA,32 MA,2
1130,N8,N8,5061,LG BROTHERS,32 MA,1
1130,N8,N8,5061,SHREE SHYAM,32 MA,1
1130,N8,N8,5061,SHRINIWASA,32 MA,3
1130,N8,N8,5251,RCI,32 MA,1
1130,N8,N8,5251,SHREE SHYAM,32 MA,1
1130,N8,N8,5252,LG BROTHERS,32 MA,2
1130,N8,N8,5252,SHREE SHYAM,32 MA,3
1130,N8,N8,5252,SHRINIWASA,32 MA,1
1130,N8,N8,5301,AVG,32 MA,1
1130,N8,N8,5301,CORE,32 MA,2
1130,N8,N8,5301,DBRC,32 MA,2
1130,N8,N8,5301,DGFC,32 MA,1
1130,N8,N8,5301,DRS,32 MA,3
1130,N8,N8,5301,INDOARYA,32 MA,1
1130,N8,N8,5301,LG BROTHERS,32 MA,2
1130,N8,N8,5301,RCI,32 MA,2
1130,N8,N8,5303,LG BROTHERS,32 MA,2
1130,N8,N8,5303,SHRINIWASA,32 MA,1
1130,N8,N8,5305,DRS,32 MA,1
1130,N8,N8,5305,INDOARYA,32 MA,1
1130,N8,N8,5305,LG BROTHERS,32 MA,2
1130,N8,N8,5305,RCI,32 MA,1
1130,N8,N8,5305,SHRINIWASA,32 MA,1
1130,N8,N8,5305,VIKAS,32 MA,1
1130,N8,N8,5306,LG BROTHERS,32 MA,1
1130,N8,N8,5306,VIKAS,32 MA,1
1130,N8,N8,5307,SHRINIWASA,32 MA,1
1130,N8,N8,5309,DRS,32 MA,1
1130,N8,N8,5309,INDOARYA,32 MA,1
1130,N8,N8,5309,VIKAS,32 MA,1
1130,N8,N8_1,5115,SHRINIWASA,32 MA,1
1130,N8,N8_1,5115,VIKAS,32 MA,1
1130,N8,N8_1,5151,INDOARYA,32 MA,1
1130,N8,N8_1,5151,LG BROTHERS,32 MA,1
1130,N8,N8_1,5151,RCI,32 MA,1
1130,N8,N8_1,5151,VIKAS,32 MA,2
1130,N8,N8_1,5152,AVG,32 MA,1
1130,N8,N8_1,5152,DBRC,32 MA,1
1130,N8,N8_1,5152,RCI,32 MA,1
1130,N8,N8_1,5152,SHRINIWASA,32 MA,1
1130,N8,N8_1,5152,SWASTIK,32 MA,1
1130,N8,N8_1,5153,KP TRANSPORT,32 MA,1
1130,N8,N8_1,5153,RCI,32 MA,1
1130,N8,N8_1,5153,SWASTIK,32 MA,1
1130,N8,N8_1,5153,VIKAS,32 MA,1
1130,N8,N8_1,5155,AVG,32 MA,1
1130,N8,N8_1,5155,VIKAS,32 MA,1
1130,N8,N8_1,5157,SHREE SHYAM,32 MA,1
1130,N8,N8_1,5201,RCI,32 MA,1
1130,N8,N8_1,5203,AVG,32 MA,2
1130,N8,N8_1,5203,CORE,32 MA,2
1130,N8,N8_1,5203,DBRC,32 MA,1
1130,N8,N8_1,5203,LG BROTHERS,32 MA,1
1130,N8,N8_1,5203,VIKAS,32 MA,1
1130,N8,N8_1,5206,KP TRANSPORT,32 MA,1
1130,N8,N8_1,5206,SHREE SHYAM,32 MA,1
1130,N9,N9,5040,AVG,32 MA,2
1130,N9,N9,5040,BLR,32 MA,1
1130,N9,N9,5040,EAST INDIA,32 MA,2
1130,N9,N9,5040,KP TRANSPORT,32 MA,3
1130,N9,N9,5040,SHREE SHYAM,32 MA,1
1130,N9,N9,5040,SHRINIWASA,32 MA,2
1130,N9,N9,5051,EAST INDIA,32 MA,1
1130,N9,N9,5051,KP TRANSPORT,32 MA,2
1130,N9,N9,5051,SHREE SHYAM,32 MA,1
1130,N9,N9,5051,SHRINIWASA,32 MA,3
1130,N9,N9,5101,AVG,32 MA,2
1130,N9,N9,5101,CORE,32 MA,1
1130,N9,N9,5101,EAST INDIA,32 MA,3
1130,N9,N9,5101,EXPRESS,32 MA,2
1130,N9,N9,5101,MAHAVEERA,32 MA,1
1130,N9,N9,5101,SHRINIWASA,32 MA,5
1130,N9,N9,5102,AVG,32 MA,1
1130,N9,N9,5102,EAST INDIA,32 MA,2
1130,N9,N9,5102,EXPRESS,32 MA,2
1130,N9,N9,5102,SHREE SHYAM,32 MA,1
1130,N9,N9,5102,SHRINIWASA,32 MA,5
1130,N9,N9,5103,CORE,32 MA,1
1130,N9,N9,5103,EAST INDIA,32 MA,1
1130,N9,N9,5103,MAHAVEERA,32 MA,1
1130,N9,N9,5103,SHREE SHYAM,32 MA,3
1130,N9,N9,5103,SHRINIWASA,32 MA,4
1130,N9,N9,5104,BLR,32 MA,3
1130,N9,N9,5104,CORE,32 MA,3
1130,N9,N9,5104,EAST INDIA,24 FT,3
1130,N9,N9,5104,EAST INDIA,32 MA,2
1130,N9,N9,5104,MAHAVEERA,24 FT,2
1130,N9,N9,5104,MAHAVEERA,32 MA,1
1130,N9,N9,5104,SHRINIWASA,32 MA,3
1130,N9,N9,5105,BLR,32 MA,1
1130,N9,N9,5105,CORE,24 FT,1
1130,N9,N9,5105,CORE,32 MA,4
1130,N9,N9,5105,EAST INDIA,32 MA,1
1130,N9,N9,5105,MAHAVEERA,24 FT,2
1130,N9,N9,5105,MAHAVEERA,32 MA,1
1130,N9,N9,5105,SHRINIWASA,32 MA,3
1130,N9,N9,5106,CORE,32 MA,1
1130,N9,N9,5106,KAPOOR,32 MA,1
1130,N9,N9,5106,LG BROTHERS,32 MA,1
1130,N9,N9,5106,MAHAVEERA,32 MA,2
1130,N9,N9,5106,SHRINIWASA,32 MA,1
1130,N9,N9,5107,BLR,32 MA,1
1130,N9,N9,5107,CORE,32 MA,1
1130,N9,N9,5107,INDOARYA,32 MA,1
1130,N9,N9,5107,LG BROTHERS,32 MA,2
1130,N9,N9,5107,MAHAVEERA,32 MA,1
1130,N9,N9,5107,SHRINIWASA,32 MA,1
1130,N9,N9,5108,EAST INDIA,32 MA,1
1130,N9,N9,5108,INDOARYA,32 MA,1
1130,N9,N9,5108,LG BROTHERS,24 FT,5
1130,N9,N9,5108,LG BROTHERS,32 MA,1
1130,N9,N9,5108,SHRINIWASA,32 MA,1
1130,N9,N9,5109,LG,32 MA,1
1130,N9,N9,5109,LG BROTHERS,32 MA,3
1130,N9,N9,5109,SHREE SHYAM,32 MA,1
1130,N9,N9,5109,SHRINIWASA,32 MA,1
1130,N9,N9,5111,INDOARYA,32 MA,2
1130,N9,N9,5112,INDOARYA,32 MA,2
1130,N9,N9,5112,LG BROTHERS,32 MA,2
1130,N9,N9,5112,SHREE SHYAM,32 MA,2
1130,N9,N9,5112,SHRINIWASA,32 MA,1
1130,N9,N9,5114,EXPRESS,32 MA,2
1130,N9,N9,5114,INDOARYA,32 MA,2
1130,N9,N9,5114,SHREE SHYAM,32 MA,1
1130,N9,N9,5114,SHRINIWASA,32 MA,1
1130,N9,N9,5116,BLR,32 MA,1
1130,N9,N9,5116,EAST INDIA,32 MA,1
1130,N9,N9,5116,INDOARYA,32 MA,1
1130,N9,N9,5116,SHREE SHYAM,32 MA,2
1130,N9,N9,5116,SHRINIWASA,32 MA,1
1130,N9,N9,5120,BLR,32 MA,3
1130,N9,N9,5120,EAST INDIA,32 MA,5
1130,N9,N9,5120,EXPRESS,32 MA,2
1130,N9,N9,5120,SHREE SHYAM,32 MA,4
1130,N9,N9,5120,SHRINIWASA,32 MA,2
1130,S5,S5,109026,ANAND,18 FT,1
1130,S5,S5,112272,ANAND,18 FT,3
1130,S5,S5,114436,ANAND,18 FT,2
1130,S5,S5,8150,EXPRESS,32 MA,1
1130,S5,S5,8150,KTC,18 FT,5
1130,S5,S5,8150,RCI,18 FT,5
1130,S5,S5,8150,RCI,32 MA,3
1130,S5,S5,8150,VARUNA,18 FT,4
1130,S5,S5,8155,EXPRESS,32 MA,1
1130,S5,S5,8155,RCI,18 FT,1
1130,S5,S5,8156,RCI,18 FT,1
1130,S5,S5,8251,EXPRESS,32 MA,1
1130,S5,S5,8251,RCI,18 FT,1
1130,S5,S5,8252,EXPRESS,32 MA,2
1130,S5,S5,8253,RCI,18 FT,1
1130,S5,S5,8253,VARUNA,18 FT,1
1130,S5,S5,8254,ANAND,24 FT,1
1130,S5,S5,8254,RCI,24 FT,1
1130,S5,S5,8255,ANAND,18 FT,1
1130,S5,S5,8255,RCI,24 FT,1
1130,S5,S5,8256,ANAND,18 FT,1
1130,S5,S5,8256,ANAND,32 MA,1
1130,S5,S5,8256,RCI,18 FT,1
1130,S5,S5,8258,RCI,18 FT,1
1130,S5,S5,8258,RCI,24 FT,1
1130,S5,S5,8259,EXPRESS,32 MA,2
1130,S5,S5,8259,KTC,18 FT,1
1130,S5,S5,8259,RCI,18 FT,2
1130,S5,S5,8259,VARUNA,18 FT,1
1130,S5,S5,8261,EXPRESS,32 MA,1
1130,S5,S5,8261,RCI,18 FT,2
1130,S5,S5,8261,VARUNA,18 FT,1
1130,S5,S5_1,400196,DEDICATED,32 MA,2
1130,S5,S5_1,400196,EAST INDIA,18 FT,4
1130,S5,S5_1,400196,EXPRESS,18 FT,1
1130,S5,S5_1,400196,EXPRESS,32 MA,2
1130,S5,S5_1,400196,KTC,18 FT,2
1130,S5,S5_1,400196,MEGA,18 FT,5
1130,S5,S5_1,400196,RCI,18 FT,1
1130,S5,S5_1,400196,SWASTIK,24 FT,1
1130,S5,S5_1,400196,VARUNA,18 FT,1
1130,S5,S5_1,8001,KTC,18 FT,1
1130,S5,S5_1,8001,MEGA,18 FT,1
1130,S5,S5_1,8001,VARUNA,18 FT,5
1130,S5,S5_1,8002,MEGA,18 FT,2
1130,S5,S5_1,8002,VARUNA,18 FT,6
1130,S5,S5_1,8003,EAST INDIA,18 FT,2
1130,S5,S5_1,8003,KTC,18 FT,2
1130,S5,S5_1,8003,MEGA,18 FT,2
1130,S5,S5_1,8003,VARUNA,18 FT,4
1130,S5,S5_1,8005,KTC,18 FT,1
1130,S5,S5_1,8005,MEGA,18 FT,2
1130,S5,S5_1,8005,RCI,18 FT,1
1130,S5,S5_1,8005,VARUNA,18 FT,4
1130,S5,S5_1,8006,KTC,18 FT,1
1130,S5,S5_1,8006,MEGA,18 FT,2
1130,S5,S5_1,8006,RCI,18 FT,1
1130,S5,S5_1,8006,VARUNA,18 FT,4
1130,S5,S5_1,8010,EAST INDIA,18 FT,2
1130,S5,S5_1,8010,KTC,18 FT,1
1130,S5,S5_1,8010,MEGA,18 FT,10
1130,S5,S5_1,8010,RCI,18 FT,2
1130,S5,S5_1,8010,VARUNA,18 FT,3
1130,S5,S5_1,8051,EAST INDIA,18 FT,1
1130,S5,S5_1,8051,KTC,18 FT,3
1130,S5,S5_1,8051,MEGA,18 FT,1
1130,S5,S5_1,8051,RCI,18 FT,2
1130,S5,S5_1,8051,VARUNA,18 FT,1
1130,S5,S5_1,8052,EAST INDIA,18 FT,1
1130,S5,S5_1,8052,KTC,18 FT,4
1130,S5,S5_1,8052,MEGA,18 FT,4
1130,S5,S5_1,8052,RCI,18 FT,3
1130,S5,S5_1,8053,DEDICATED,32 MA,1
1130,S5,S5_1,8053,EAST INDIA,18 FT,2
1130,S5,S5_1,8053,EXPRESS,18 FT,1
1130,S5,S5_1,8053,KTC,18 FT,3
1130,S5,S5_1,8053,MEGA,18 FT,1
1130,S5,S5_1,8053,RCI,18 FT,3
1130,S5,S5_1,8055,EAST INDIA,18 FT,4
1130,S5,S5_1,8055,KTC,18 FT,4
1130,S5,S5_1,8055,RCI,18 FT,2
1130,S5,S5_1,8301,DEDICATED,32 MA,1
1130,S5,S5_1,8301,DGFC,18 FT,1
1130,S5,S5_1,8301,KTC,18 FT,3
1130,S5,S5_1,8301,RCI,18 FT,2
1130,S5,S5_1,8302,KTC,18 FT,1
1130,S5,S5_1,8303,KTC,18 FT,3
1130,S5,S5_1,8303,MEGA,18 FT,1
1130,S5,S5_1,8304,KTC,18 FT,4
1130,S5,S5_1,8304,MEGA,18 FT,1
1130,S5,S5_1,8305,KTC,18 FT,5
1130,S5,S5_1,8305,MEGA,18 FT,1
1130,S5,S5_1,8305,VARUNA,18 FT,1
1130,S5,S5_1,8306,KTC,18 FT,4
1130,S5,S5_1,8306,MEGA,18 FT,1
1130,S5,S5_1,8311,KTC,18 FT,3
1130,S5,S5_1,8312,KTC,18 FT,3
1130,S5,S5_1,8312,MEGA,18 FT,1
1130,S5,S5_1,8313,KTC,18 FT,2
1130,S5,S5_1,8313,MEGA,18 FT,1
1130,S5,S5_1,8315,ILAN,32 MA,1
1130,S5,S5_1,8315,KTC,18 FT,2
1130,S5,S5_1,8351,KTC,18 FT,3
1130,S5,S5_1,8352,EAST INDIA,18 FT,1
1130,S5,S5_1,8352,KTC,18 FT,6
1130,S5,S5_1,8352,MEGA,18 FT,3
1130,S5,S5_1,8353,KTC,18 FT,3
1130,S5,S5_1,8354,KTC,18 FT,2
1130,S5,S5_1,8354,MEGA,18 FT,1
1130,S5,S5_1,8355,EXPRESS,32 MA,1
1130,S5,S5_1,8355,KTC,18 FT,1
1130,S5,S5_1,8356,KTC,18 FT,1
1130,S5,S5_1,8356,MEGA,18 FT,3
1130,S5,S5_2,4001,KTC,18 FT,7
1130,S5,S5_2,4001,MEGA,18 FT,10
1130,S5,S5_2,4001,VARUNA,18 FT,4
1130,S5,S5_2,8102,KTC,18 FT,1
1130,S5,S5_2,8102,RCI,18 FT,1
1130,S5,S5_2,8102,VARUNA,18 FT,1
1130,S5,S5_2,8103,KTC,18 FT,1
1130,S5,S5_2,8104,KTC,18 FT,1
1130,S5,S5_2,8104,MEGA,18 FT,1
1130,S5,S5_2,8104,VARUNA,18 FT,1
1130,S5,S5_2,8105,KTC,18 FT,2
1130,S5,S5_2,8105,MEGA,18 FT,1
1130,S5,S5_2,8105,RCI,18 FT,1
1130,S5,S5_2,8106,KTC,18 FT,1
1130,S5,S5_2,8106,RCI,18 FT,1
1130,S5,S5_2,8107,KTC,18 FT,1
1130,S5,S5_2,8110,KTC,18 FT,4
1130,S5,S5_2,8110,MEGA,18 FT,9
1130,S9,S9_3,4000,DEDICATED,32 MA,6
1130,S9,S9_3,4000,EAST,18 FT,2
1130,S9,S9_3,4000,EAST INDIA,18 FT,1
1130,S9,S9_3,4000,MEGA,18 FT,1
1130,S9,S9_3,4000,VARUNA,18 FT,2
1130,S9,S9_3,400071,DEDICATED,32 MA,10
1130,S9,S9_3,400071,EXPRESS,32 MA,6
1130,S9,S9_3,400071,MAHAVEERA,18 FT,2
1130,S9,S9_3,400071,SWASTIK,32 MA,1
1130,S9,S9_3,4003,DEDICATED,32 MA,22
1130,S9,S9_3,4003,MEGA,18 FT,3
1130,S9,S9_3,4003,VARUNA,32 MA,1
1130,S9,S9_3,400313,DEDICATED,32 MA,2
1130,S9,S9_3,7104,DEDICATED,32 MA,2
1130,S9,S9_3,7104,INDOARYA,18 FT,2
1130,S9,S9_3,8004,DEDICATED,32 MA,4
1130,S9,S9_3,8054,DEDICATED,32 MA,3
1130,S9,S9_3,8054,KTC,18 FT,7
1130,S9,S9_3,8054,MEGA,18 FT,1
1130,S9,S9_3,8300,DEDICATED,32 MA,27
1130,W6,W6,104687,BLR,32 MA,1
1130,W6,W6,104687,EXPRESS,32 MA,4
1130,W6,W6,114197,VIKAS,32 MA,1
1130,W6,W6,114971,EAST INDIA,18 FT,1
1130,W6,W6,115041,EAST INDIA,18 FT,1
1130,W6,W6,290204,EAST INDIA,18 FT,1
1130,W6,W6,400191,EXPRESS,32 MA,1
1130,W6,W6,400349,EXPRESS,32 MA,3
1130,W6,W6,400356,DGFC,32 MA,1
1130,W6,W6,5156,EXPRESS,32 MA,1
1130,W6,W6,5156,KAPOOR,32 MA,1
1130,W6,W6,5156,VIKAS,32 MA,1
1130,W6,W6,7102,BLR,18 FT,8
1130,W6,W6,7102,BLR,32 MA,2
1130,W6,W6,7102,DGFC,32 MA,1
1130,W6,W6,7102,EAST INDIA,18 FT,7
1130,W6,W6,7102,EAST INDIA,32 MA,1
1130,W6,W6,7102,EXPRESS,32 MA,4
1130,W6,W6,7102,SWASTIK,18 FT,4
1130,W6,W6,7102,VIKAS,18 FT,5
1130,W6,W6,7103,BLR,32 MA,1
1130,W6,W6,7103,EAST INDIA,18 FT,6
1130,W6,W6,7103,EXPRESS,32 MA,2
1130,W6,W6,7103,SWASTIK,18 FT,6
1130,W6,W6,7103,SWASTIK,32 MA,1
1130,W6,W6,7105,DGFC,32 MA,1
1130,W6,W6,7105,EXPRESS,32 MA,3
1130,W6,W6,7105,RCI,32 MA,1
1130,W6,W6,7105,SWASTIK,18 FT,4
1130,W6,W6,7150,BLR,18 FT,3
1130,W6,W6,7150,EAST INDIA,18 FT,4
1130,W6,W6,7150,EXPRESS,32 MA,2
1130,W6,W6,7150,RCI,18 FT,6
1130,W6,W6,7150,SWASTIK,32 MA,1
1130,W6,W6,7151,DGFC,18 FT,2
1130,W6,W6,7151,EAST INDIA,18 FT,2
1130,W6,W6,7151,EXPRESS,32 MA,1
1130,W6,W6,7151,LG BROTHERS,18 FT,2
1130,W6,W6,7151,RCI,18 FT,6
1130,W6,W6,7151,RCI,32 MA,1
1130,W6,W6,7152,BLR,32 MA,1
1130,W6,W6,7152,DGFC,32 MA,2
1130,W6,W6,7152,EAST INDIA,18 FT,3
1130,W6,W6,7152,EXPRESS,32 MA,3
1130,W6,W6,7152,LG BROTHERS,32 MA,3
1130,W6,W6,7152,RCI,32 MA,2
1130,W6,W6,7153,BLR,18 FT,2
1130,W6,W6,7153,EXPRESS,32 MA,1
1130,W6,W6,7153,LG BROTHERS,18 FT,4
1130,W6,W6,7153,LG BROTHERS,32 MA,1
1130,W6,W6,7153,RCI,18 FT,2
1130,W6,W6,7154,EXPRESS,32 MA,1
1130,W6,W6,7154,LG BROTHERS,18 FT,8
1130,W6,W6,7155,DGFC,18 FT,1
1130,W6,W6,7155,LG BROTHERS,18 FT,2
1130,W6,W6,7155,MAHAVEERA,18 FT,2
1130,W6,W6,7161,MAHAVEERA,18 FT,4
1130,W6,W6,7250,BLR,32 MA,1
1130,W6,W6,7250,DGFC,32 MA,1
1130,W6,W6,7250,EAST INDIA,32 MA,1
1130,W6,W6,7250,EXPRESS,32 MA,2
1130,W6,W6,7250,INDOARYA,32 MA,1
1130,W6,W6,7250,LG BROTHERS,32 MA,3
1130,W6,W6,7250,MAHAVEERA,32 MA,1
1130,W6,W6,7250,VIKAS,32 MA,1
1130,W6,W6,7251,BLR,32 MA,5
1130,W6,W6,7251,EAST INDIA,32 MA,3
1130,W6,W6,7251,EXPRESS,32 MA,3
1130,W6,W6,7251,INDOARYA,32 MA,2
1130,W6,W6,7251,MAHAVEERA,32 MA,1
1130,W6,W6,7252,EXPRESS,32 MA,1
1130,W6,W6,7252,INDOARYA,32 MA,1
1130,W6,W6,7253,EXPRESS,32 MA,4
1130,W6,W6,7253,MAHAVEERA,32 MA,1
1130,W6,W6,7254,BLR,32 MA,1
1130,W6,W6,7254,DGFC,18 FT,1
1130,W6,W6,7254,EXPRESS,32 MA,1
1130,W6,W6,7301,EXPRESS,32 MA,2
1130,W6,W6,7302,EXPRESS,32 MA,4
1130,W6,W6,7302,MAHAVEERA,32 MA,1
1130,W6,W6,7304,SWASTIK,32 MA,1
1130,W6,W6_1,7157,DEDICATED,32 MA,5
1130,W6,W6_1,7157,DGFC,18 FT,2
1130,W6,W6_1,7157,EXPRESS,32 MA,1
1130,W6,W6_2,7000,EXPRESS,32 MA,1
1130,W6,W6_2,7000,INDOARYA,32 MA,1
1130,W6,W6_2,7000,LG BROTHERS,32 MA,2
1130,W6,W6_2,7000,VIKAS,32 MA,2
1130,W6,W6_2,7001,EXPRESS,32 MA,3
1130,W6,W6_2,7001,INDOARYA,32 MA,2
1130,W6,W6_2,7001,LG BROTHERS,32 MA,1
1130,W6,W6_2,7001,SWASTIK,32 MA,2
1130,W6,W6_2,7002,EAST INDIA,32 MA,1
1130,W6,W6_2,7002,EXPRESS,32 MA,4
1130,W6,W6_2,7002,INDOARYA,32 MA,1
1130,W6,W6_2,7002,SWASTIK,18 FT,3
1130,W6,W6_2,7002,SWASTIK,32 MA,1
1130,W6,W6_2,7003,BLR,32 MA,2
1130,W6,W6_2,7003,RCI,18 FT,2
1130,W6,W6_2,7003,RCI,32 MA,1
1130,W6,W6_2,7004,EXPRESS,32 MA,1
1130,W6,W6_2,7004,MAHAVEERA,32 MA,3
1130,W6,W6_2,7051,BLR,24 FT,2
1130,W6,W6_2,7051,BLR,32 MA,4
1130,W6,W6_2,7051,DGFC,32 MA,2
1130,W6,W6_2,7051,EAST INDIA,32 MA,3
1130,W6,W6_2,7051,EXPRESS,32 MA,7
1130,W6,W6_2,7051,INDOARYA,32 MA,1
1130,W6,W6_2,7051,LG BROTHERS,24 FT,2
1130,W6,W6_2,7051,LG BROTHERS,32 MA,3
1130,W6,W6_2,7054,EXPRESS,32 MA,1
1130,W6,W6_2,7054,LG BROTHERS,32 MA,2
1140,E1,E1,4002,DGFC,32 MA,2
1140,E1,E1,4002,KAPOOR,32 MA,1
1140,E1,E1,4002,NCS,32 MA,4
1140,E1,E1,6200,DGFC,32 MA,4
1140,E1,E1,6200,KAPOOR,32 MA,1
1140,E1,E1,6200,NCS,32 MA,5
1140,E1,E1,6201,DGFC,32 MA,1
1140,E1,E1,6201,KAPOOR,32 MA,1
1140,E1,E1,6202,DGFC,32 MA,2
1140,E1,E1,6202,KAPOOR,32 MA,2
1140,E1,E1,6203,DGFC,32 MA,3
1140,E1,E1,6204,DGFC,32 MA,3
1140,E1,E1,6204,NCS,32 MA,1
1140,E1,E1,6206,DGFC,32 MA,2
1140,E1,E1,6206,KAPOOR,32 MA,2
1140,E1,E1,6207,DGFC,32 MA,3
1140,E2,E2,6000,NCS,32 MA,1
1140,E2,E2,6000,VARUNA,32 MA,6
1140,E2,E2,6001,VARUNA,32 MA,2
1140,E2,E2,6003,RCI,32 MA,1
1140,E2,E2,6003,VARUNA,32 MA,1
1140,E2,E2,6004,RCI,32 MA,1
1140,E2,E2,6011,NCS,32 MA,1
1140,E2,E2,6011,RCI,32 MA,1
1140,E2,E2,6012,NCS,32 MA,1
1140,E2,E2,6012,RCI,32 MA,1
1140,E2,E2,6013,NCS,32 MA,2
1140,E2,E2,6053,ANAND,32 MA,3
1140,E2,E2,6053,NCS,32 MA,1
1140,E2,E2,6053,RCI,32 MA,1
1140,E2,E2,6053,VARUNA,32 MA,3
1140,E2,E2,6102,ANAND,32 MA,6
1140,E2,E2,6102,VARUNA,32 MA,1
1140,E2,E2,6151,ILAN,18 FT,2
1140,N1,N1,104932,VARUNA,32 MA,4
1140,N1,N1,400020,VARUNA,32 MA,1
1140,N1,N1,400021,DBRC,32 MA,5
1140,N1,N1,400021,DRS,50 FT,2
1140,N1,N1,400021,EAST INDIA,32 MA,6
1140,N1,N1,400021,LG BROTHERS,32 MA,9
1140,N1,N1,400021,MAHAVEERA,32 MA,3
1140,N1,N1,400021,VARUNA,32 MA,6
1140,N1,N1,400058,DRS,50 FT,1
1140,N1,N1,400058,EAST INDIA,32 MA,1
1140,N1,N1,400058,LG BROTHERS,32 MA,2
1140,N1,N1,400058,MAHAVEERA,32 MA,2
1140,N1,N1,400058,RCI,32 MA,1
1140,N1,N1,400058,VARUNA,32 MA,6
1140,N1,N1,400076,RCI,32 MA,2
1140,N1,N1,400076,VARUNA,32 MA,2
1140,N1,N1,400211,RCI,32 MA,1
1140,N1,N1,400286,DBRC,32 MA,1
1140,N1,N1,400286,MAHAVEERA,32 MA,3
1140,N1,N1,400286,RCI,32 MA,1
1140,N1,N1,400286,VARUNA,32 MA,2
1140,N1,N1,400304,LG BROTHERS,32 MA,1
1140,N1,N1,400304,MAHAVEERA,32 MA,2
1140,N1,N1,400304,RCI,32 MA,1
1140,N1,N1,400304,VARUNA,32 MA,1
1140,N1,N1,400335,MAHAVEERA,32 MA,1
1140,N1,N1,400335,RCI,32 MA,1
1140,N1,N1,400353,CHINNA,18 FT,1
1140,N1,N1,400353,ILAN,18 FT,1
1140,N1,N1,400353,MAHAVEERA,32 MA,1
1140,N1,N1,400353,RCI,32 MA,1
1140,N1,N1,400353,VARUNA,32 MA,1
1140,N1,N1,400361,LG BROTHERS,32 MA,2
1140,N1,N1,400361,MAHAVEERA,32 MA,2
1140,N1,N1,400361,VARUNA,32 MA,1
1140,N1,N1,5001,VARUNA,32 MA,2
1140,N1,N1,5002,VARUNA,32 MA,2
1140,N1,N1,5054,VARUNA,32 MA,5
1140,N1,N1_1,5152,VARUNA,32 MA,2
1140,N1,N1_1,5155,VARUNA,32 MA,2
1140,N1,N1_1,5201,DBRC,32 MA,1
1140,N1,N1_1,5201,SWASTIK,32 MA,1
1140,N1,N1_1,5201,VARUNA,32 MA,2
1140,N1,N1_1,5203,RCI,32 MA,1
1140,N1,N1_1,5203,VARUNA,32 MA,1
1140,N2,N2,400011,VARUNA,32 MA,1
1140,N2,N2,400013,RCI,32 MA,1
1140,N2,N2,400089,LG BROTHERS,32 MA,1
1140,N2,N2,400089,RCI,32 MA,1
1140,N2,N2,400121,DBRC,32 MA,3
1140,N2,N2,400121,DRS,32 MA,5
1140,N2,N2,400121,LG BROTHERS,32 MA,2
1140,N2,N2,400121,RCI,32 MA,2
1140,N2,N2,400121,VARUNA,32 MA,3
1140,N2,N2,400292,DRS,32 MA,2
1140,N2,N2,400292,LG BROTHERS,32 MA,1
1140,N2,N2,400292,RCI,32 MA,1
1140,N2,N2,400292,VARUNA,32 MA,2
1140,N2,N2,5050,DBRC,32 MA,2
1140,N2,N2,5050,DRS,32 MA,3
1140,N2,N2,5050,LG BROTHERS,32 MA,1
1140,N2,N2,5050,RCI,32 MA,6
1140,N2,N2,5050,VARUNA,32 MA,6
1140,N2,N2,5053,VARUNA,32 MA,2
1140,N2,N2,5055,VARUNA,32 MA,1
1140,N2,N2,5061,RCI,32 MA,1
1140,N2,N2,5061,VARUNA,32 MA,2
1140,N2,N2,5301,RCI,32 MA,1
1140,N2,N2,5301,VARUNA,32 MA,1
1140,N2,N2,5303,LG BROTHERS,32 MA,1
1140,N2,N2,5303,RCI,32 MA,1
1140,N3,N3,400041,LG BROTHERS,32 MA,2
1140,N3,N3,400314,DRS,32 MA,2
1140,N3,N3,400314,LG BROTHERS,32 MA,5
1140,N3,N3,400314,MAHAVEERA,32 MA,2
1140,N3,N3,400314,RCI,32 MA,2
1140,N3,N3,400314,VARUNA,32 MA,2
1140,N3,N3,5040,LG BROTHERS,32 MA,4
1140,N3,N3,5040,MAHAVEERA,32 MA,2
1140,N3,N3,5040,RCI,32 MA,1
1140,N3,N3,5040,VARUNA,32 MA,5
1140,N3,N3,5051,RCI,32 MA,1
1140,N3,N3,5101,DRS,32 MA,1
1140,N3,N3,5101,LG BROTHERS,32 MA,1
1140,N3,N3,5101,RCI,32 MA,1
1140,N3,N3,5101,VARUNA,32 MA,1
1140,N3,N3,5102,MAHAVEERA,32 MA,1
1140,N3,N3,5102,VARUNA,32 MA,1
1140,N3,N3,5103,MAHAVEERA,32 MA,1
1140,N3,N3,5103,VARUNA,32 MA,1
1140,N3,N3,5104,LG BROTHERS,32 MA,1
1140,N3,N3,5104,VARUNA,32 MA,1
1140,N3,N3,5105,DRS,32 MA,2
1140,N3,N3,5105,LG BROTHERS,32 MA,4
1140,N3,N3,5105,MAHAVEERA,32 MA,4
1140,N3,N3,5105,RCI,32 MA,1
1140,N3,N3,5105,VARUNA,32 MA,1
1140,N3,N3,5106,LG BROTHERS,32 MA,2
1140,N3,N3,5112,LG BROTHERS,32 MA,1
1140,N3,N3,5120,DRS,32 MA,2
1140,N3,N3,5120,LG BROTHERS,32 MA,6
1140,N3,N3,5120,MAHAVEERA,32 MA,3
1140,N3,N3,5120,RCI,32 MA,3
1140,N3,N3,5120,VARUNA,32 MA,3
1140,S1,S1,8303,SWASTIK,18 FT,2
1140,S1,S1,8304,INDOARYA,18 FT,2
1140,S1,S1,8304,MEGA,18 FT,1
1140,S1,S1,8304,SWASTIK,18 FT,1
1140,S1,S1,8305,MEGA,18 FT,3
1140,S1,S1,8306,KTC,18 FT,2
1140,S1,S1,8311,INDOARYA,18 FT,1
1140,S1,S1,8311,KTC,18 FT,3
1140,S1,S1,8311,SWASTIK,18 FT,3
1140,S1,S1,8313,INDOARYA,18 FT,2
1140,S1,S1,8313,KTC,18 FT,1
1140,S1,S1,8315,INDOARYA,18 FT,1
1140,S1,S1,8351,INDOARYA,18 FT,4
1140,S1,S1,8352,INDOARYA,18 FT,3
1140,S1,S1,8352,MEGA,18 FT,2
1140,S1,S1,8353,INDOARYA,18 FT,2
1140,S1,S1,8353,KTC,18 FT,1
1140,S1,S1,8353,SWASTIK,18 FT,1
1140,S1,S1,8354,INDOARYA,18 FT,1
1140,S1,S1,8354,KTC,18 FT,1
1140,S1,S1,8354,SWASTIK,18 FT,1
1140,S1,S1,8355,KTC,18 FT,1
1140,S1,S1,8355,MEGA,18 FT,1
1140,S1,S1,8356,INDOARYA,18 FT,1
1140,S1,S1,8356,KTC,18 FT,1
1140,S1,S1_1,400068,CHINNA,18 FT,2
1140,S1,S1_1,400068,DEDICATED,32 MA,1
1140,S1,S1_1,400068,ILAN,18 FT,6
1140,S1,S1_1,400271,ILAN,18 FT,3
1140,S1,S1_1,400306,ILAN,18 FT,1
1140,S1,S1_1,400324,ILAN,18 FT,1
1140,S1,S1_1,8300,CHINNA,18 FT,13
1140,S1,S1_1,8300,ILAN,18 FT,15
1140,S1,S1_1,8301,CHINNA,18 FT,1
1140,S1,S1_1,8301,ILAN,18 FT,5
1140,S1,S1_1,8302,CHINNA,18 FT,1
1140,S1,S1_1,8302,ILAN,18 FT,3
1140,S1,S1_1,8312,ILAN,18 FT,2
1140,S2,S2,400005,INDOARYA,18 FT,1
1140,S2,S2,400027,INDOARYA,18 FT,4
1140,S2,S2,400027,KTC,18 FT,3
1140,S2,S2,400027,MEGA,18 FT,1
1140,S2,S2,4001,DEDICATED,32 MA,1
1140,S2,S2,4001,INDOARYA,18 FT,8
1140,S2,S2,4001,KTC,18 FT,5
1140,S2,S2,4001,MEGA,18 FT,4
1140,S2,S2,4001,SWASTIK,18 FT,5
1140,S2,S2,400327,INDOARYA,18 FT,1
1140,S2,S2,400327,KTC,18 FT,2
1140,S2,S2,400327,MEGA,18 FT,1
1140,S2,S2,8001,SWASTIK,18 FT,2
1140,S2,S2,8002,SWASTIK,18 FT,3
1140,S2,S2,8004,INDOARYA,18 FT,1
1140,S2,S2,8004,KTC,18 FT,3
1140,S2,S2,8005,KTC,18 FT,3
1140,S2,S2,8005,SWASTIK,18 FT,3
1140,S2,S2,8006,KTC,18 FT,3
1140,S2,S2,8010,DEDICATED,32 MA,1
1140,S2,S2,8010,INDOARYA,18 FT,5
1140,S2,S2,8010,KTC,18 FT,6
1140,S2,S2,8010,MEGA,18 FT,2
1140,S2,S2,8010,SWASTIK,18 FT,2
1140,S2,S2,8051,KTC,18 FT,2
1140,S2,S2,8052,KTC,18 FT,3
1140,S2,S2,8053,KTC,18 FT,5
1140,S2,S2,8053,SWASTIK,18 FT,1
1140,S2,S2,8054,KTC,18 FT,5
1140,S2,S2,8054,MEGA,18 FT,1
1140,S2,S2,8055,INDOARYA,18 FT,1
1140,S2,S2,8055,KTC,18 FT,4
1140,S2,S2,8055,SWASTIK,18 FT,1
1140,S2,S2,8102,KTC,18 FT,5
1140,S2,S2,8102,MEGA,18 FT,1
1140,S2,S2,8103,KTC,18 FT,4
1140,S2,S2,8103,MEGA,18 FT,1
1140,S2,S2,8104,KTC,18 FT,3
1140,S2,S2,8104,MEGA,18 FT,1
1140,S2,S2,8105,MEGA,18 FT,3
1140,S2,S2,8106,INDOARYA,18 FT,1
1140,S2,S2,8106,KTC,18 FT,1
1140,S2,S2,8106,MEGA,18 FT,1
1140,S2,S2,8107,INDOARYA,18 FT,1
1140,S2,S2,8107,KTC,18 FT,1
1140,S2,S2,8107,MEGA,18 FT,1
1140,S2,S2,8110,INDOARYA,18 FT,2
1140,S2,S2,8110,KTC,18 FT,2
1140,S2,S2,8110,MEGA,18 FT,1
1140,S2,S2,8110,SWASTIK,18 FT,1
1140,S2,S2_1,400299,RCI,32 SA,8
1140,S3,S3,400060,KTC,18 FT,1
1140,S3,S3,8151,SWASTIK,18 FT,3
1140,S3,S3,8153,SWASTIK,18 FT,5
1140,S3,S3,8155,INDOARYA,18 FT,1
1140,S3,S3,8155,SWASTIK,18 FT,2
1140,S3,S3,8251,DEDICATED,32 MA,1
1140,S3,S3,8251,MEGA,18 FT,4
1140,S3,S3,8251,SWASTIK,18 FT,1
1140,S3,S3,8252,INDOARYA,18 FT,1
1140,S3,S3,8252,MEGA,18 FT,1
1140,S3,S3,8252,SWASTIK,18 FT,2
1140,S3,S3,8253,INDOARYA,18 FT,2
1140,S3,S3,8253,MEGA,18 FT,1
1140,S3,S3,8253,SWASTIK,18 FT,1
1140,S3,S3,8254,INDOARYA,18 FT,2
1140,S3,S3,8256,INDOARYA,18 FT,2
1140,S3,S3,8256,KTC,18 FT,3
1140,S3,S3,8256,MEGA,18 FT,1
1140,S3,S3,8257,KTC,18 FT,1
1140,S3,S3,8257,MEGA,18 FT,1
1140,S3,S3,8257,SWASTIK,18 FT,2
1140,S3,S3,8258,INDOARYA,18 FT,2
1140,S3,S3,8258,KTC,18 FT,1
1140,S3,S3,8259,DEDICATED,18 FT,1
1140,S3,S3,8259,KTC,18 FT,1
1140,S3,S3,8259,SWASTIK,18 FT,2
1140,S3,S3,8261,KTC,18 FT,2
1140,S3,S3,8261,SWASTIK,18 FT,1
1140,S9,S9_4,4000,CHINNA,18 FT,2
1140,S9,S9_4,4000,DEDICATED,32 MA,35
1140,S9,S9_4,4000,ILAN,18 FT,3
1140,S9,S9_4,4003,DEDICATED,32 MA,5
1140,S9,S9_4,4003,ILAN,18 FT,2
1140,S9,S9_4,400311,DEDICATED,32 MA,11
1140,S9,S9_4,400316,CHINNA,18 FT,7
1140,S9,S9_4,400316,DEDICATED,32 MA,22
1140,S9,S9_4,400316,ILAN,18 FT,18
1140,S9,S9_4,400316,KTC,18 FT,1
1140,S9,S9_4,8003,DEDICATED,32 MA,2
1140,S9,S9_4,8003,KTC,18 FT,1
1140,S9,S9_4,8003,MEGA,18 FT,1
1140,S9,S9_4,8150,DEDICATED,32 MA,13
1140,S9,S9_4,8150,SWASTIK,18 FT,1
1140,S9,S9_4,8156,DEDICATED,32 MA,1
1140,S9,S9_4,8156,INDOARYA,18 FT,1
1140,S9,S9_4,8255,DEDICATED,32 MA,2
1140,S9,S9_4,8255,INDOARYA,18 FT,1
1140,S9,S9_4,8255,MEGA,18 FT,3
1140,W1,W1,400003,EAST INDIA,32 MA,4
1140,W1,W1,400003,EXPRESS,32 MA,17
1140,W1,W1,400003,MEGA,32 MA,8
1140,W1,W1,400003,SWASTIK,32 MA,1
1140,W1,W1,400006,LG BROTHERS,32 SA,4
1140,W1,W1,400023,EAST INDIA,32 MA,2
1140,W1,W1,400038,EAST INDIA,32 MA,2
1140,W1,W1,400038,EXPRESS,32 MA,3
1140,W1,W1,400038,LG BROTHERS,32 SA,12
1140,W1,W1,400038,MEGA,32 MA,3
1140,W1,W1,400075,EAST INDIA,32 MA,3
1140,W1,W1,400075,EXPRESS,32 MA,2
1140,W1,W1,400075,MEGA,32 MA,2
1140,W1,W1,400081,EAST INDIA,32 MA,1
1140,W1,W1,400081,EXPRESS,32 MA,1
1140,W1,W1,400081,MEGA,32 MA,1
1140,W1,W1,400221,EXPRESS,32 MA,1
1140,W1,W1,400241,EXPRESS,32 MA,2
1140,W1,W1,400329,EXPRESS,32 MA,2
1140,W1,W1,400339,EXPRESS,32 MA,3
1140,W1,W1,400339,MEGA,32 MA,1
1140,W1,W1,400341,EXPRESS,32 MA,2
1140,W1,W1,7000,EXPRESS,32 MA,1
1140,W1,W1,7000,RCI,32 MA,4
1140,W1,W1,7001,RCI,32 MA,3
1140,W1,W1,7002,SWASTIK,32 MA,1
1140,W1,W1,7003,EXPRESS,32 MA,1
1140,W1,W1,7003,SWASTIK,32 MA,2
1140,W1,W1,7051,EXPRESS,32 MA,1
1140,W1,W1,7051,MEGA,32 MA,1
1140,W1,W1,7051,RCI,32 MA,2
1140,W1,W1,7051,SWASTIK,32 MA,1
1140,W1,W1,7102,MEGA,32 MA,2
1140,W1,W1,7102,RCI,32 MA,1
1140,W1,W1,7102,SWASTIK,32 MA,1
1140,W1,W1,7103,MEGA,32 MA,2
1140,W1,W1,7104,INDOARYA,18 FT,1
1140,W1,W1,7105,MEGA,32 MA,1
1140,W1,W1,7105,SWASTIK,18 FT,2
1140,W1,W1,7150,EAST INDIA,32 MA,1
1140,W1,W1,7150,EXPRESS,32 MA,5
1140,W1,W1,7150,MEGA,32 MA,3
1140,W1,W1,7150,SWASTIK,32 MA,2
1140,W1,W1,7151,EXPRESS,32 MA,1
1140,W1,W1,7151,MEGA,32 MA,2
1140,W1,W1,7152,EXPRESS,32 MA,4
1140,W1,W1,7152,MEGA,32 MA,2
1140,W1,W1,7152,SWASTIK,32 MA,2
1140,W1,W1,7153,EXPRESS,32 MA,2
1140,W1,W1,7153,MEGA,32 MA,1
1140,W1,W1,7154,EAST INDIA,32 MA,1
1140,W1,W1,7154,MEGA,32 MA,1
1140,W1,W1,7157,EXPRESS,32 MA,3
1140,W2,W2,400295,RCI,32 MA,2
1140,W2,W2,7250,RCI,32 MA,3
1140,W2,W2,7250,SWASTIK,32 MA,5
1140,W2,W2,7251,SWASTIK,32 MA,2
1140,W2,W2,7253,SWASTIK,32 MA,2
1140,W2,W2,7254,SWASTIK,32 MA,1
1140,W2,W2,7302,RCI,32 MA,2
1140,W2,W2,7302,SWASTIK,32 MA,2
1150/1180,E3,E3,400035,ANAND,32 MA,1
1150/1180,E3,E3,400035,DGFC,32 MA,2
1150/1180,E3,E3,400035,KAPOOR,32 MA,2
1150/1180,E3,E3,400035,KTC,32 MA,2
1150/1180,E3,E3,400035,NCS,32 MA,4
1150/1180,E3,E3,400035,VARUNA,32 MA,4
1150/1180,E3,E3,4002,ANAND,32 MA,4
1150/1180,E3,E3,4002,DGFC,32 MA,5
1150/1180,E3,E3,4002,KAPOOR,32 MA,5
1150/1180,E3,E3,4002,KTC,32 MA,1
1150/1180,E3,E3,4002,NCS,32 MA,3
1150/1180,E3,E3,4002,VARUNA,32 MA,6
1150/1180,E3,E3,6200,ANAND,32 MA,1
1150/1180,E3,E3,6200,DGFC,32 MA,5
1150/1180,E3,E3,6200,KAPOOR,32 MA,4
1150/1180,E3,E3,6200,KTC,32 MA,1
1150/1180,E3,E3,6200,NCS,32 MA,2
1150/1180,E3,E3,6200,TRIMURTHI,32 MA,1
1150/1180,E3,E3,6200,VARUNA,32 MA,7
1150/1180,E3,E3,6201,DGFC,32 MA,2
1150/1180,E3,E3,6201,VARUNA,32 MA,3
1150/1180,E3,E3,6202,DGFC,32 MA,3
1150/1180,E3,E3,6202,KAPOOR,32 MA,1
1150/1180,E3,E3,6202,VARUNA,32 MA,5
1150/1180,E3,E3,6203,KAPOOR,32 MA,2
1150/1180,E3,E3,6203,NCS,32 MA,1
1150/1180,E3,E3,6203,VARUNA,32 MA,2
1150/1180,E3,E3,6204,KAPOOR,32 MA,3
1150/1180,E3,E3,6204,TRIMURTHI,32 MA,1
1150/1180,E3,E3,6204,VARUNA,32 MA,3
1150/1180,E3,E3,6205,KAPOOR,32 MA,1
1150/1180,E3,E3,6205,VARUNA,32 MA,2
1150/1180,E3,E3,6206,ANAND,32 MA,1
1150/1180,E3,E3,6206,KAPOOR,32 MA,2
1150/1180,E3,E3,6206,VARUNA,32 MA,1
1150/1180,E3,E3,6207,KAPOOR,32 MA,2
1150/1180,E3,E3,6207,KTC,32 MA,3
1150/1180,E3,E3,6207,NCS,32 MA,1
1150/1180,E3,E3,6207,VARUNA,32 MA,1
1150/1180,E4,E4,400062,KAPOOR,32 MA,1
1150/1180,E4,E4,400307,ANAND,32 MA,1
1150/1180,E4,E4,400307,KAPOOR,32 MA,3
1150/1180,E4,E4,400307,RCI,32 MA,1
1150/1180,E4,E4,400307,VARUNA,32 MA,1
1150/1180,E4,E4,6000,KAPOOR,32 MA,4
1150/1180,E4,E4,6000,VARUNA,32 MA,5
1150/1180,E4,E4,6001,ANAND,32 MA,1
1150/1180,E4,E4,6001,KAPOOR,32 MA,3
1150/1180,E4,E4,6001,RCI,32 MA,1
1150/1180,E4,E4,6001,VARUNA,32 MA,2
1150/1180,E4,E4,6003,DGFC,32 MA,1
1150/1180,E4,E4,6003,KAPOOR,32 MA,3
1150/1180,E4,E4,6003,KTC,32 MA,1
1150/1180,E4,E4,6003,RCI,32 MA,1
1150/1180,E4,E4,6003,VARUNA,32 MA,4
1150/1180,E4,E4,6004,ANAND,32 MA,2
1150/1180,E4,E4,6004,KAPOOR,32 MA,1
1150/1180,E4,E4,6004,KTC,32 MA,1
1150/1180,E4,E4,6004,RCI,32 MA,1
1150/1180,E4,E4,6011,ANAND,32 MA,1
1150/1180,E4,E4,6011,NCS,32 MA,1
1150/1180,E4,E4,6012,ANAND,32 MA,1
1150/1180,E4,E4,6012,KAPOOR,32 MA,2
1150/1180,E4,E4,6012,NCS,32 MA,2
1150/1180,E4,E4,6012,VARUNA,32 MA,2
1150/1180,E4,E4,6013,KTC,32 MA,1
1150/1180,E4,E4,6013,NCS,32 MA,3
1150/1180,E4,E4,6013,VARUNA,32 MA,1
1150/1180,E4,E4,6053,ANAND,32 MA,5
1150/1180,E4,E4,6053,KAPOOR,32 MA,3
1150/1180,E4,E4,6053,KTC,32 MA,2
1150/1180,E4,E4,6053,NCS,32 MA,4
1150/1180,E4,E4,6053,RCI,32 MA,2
1150/1180,E4,E4,6053,VARUNA,32 MA,4
1150/1180,E4,E4,6102,KAPOOR,32 MA,3
1150/1180,E4,E4,6102,KTC,32 MA,1
1150/1180,E4,E4,6102,NCS,32 MA,3
1150/1180,E4,E4,6102,RCI,32 MA,2
1150/1180,E4,E4,6102,VARUNA,32 MA,2
1150/1180,N4,N4,104932,EXPRESS,32 MA,2
1150/1180,N4,N4,104932,RCI,32 MA,4
1150/1180,N4,N4,104932,VARUNA,32 MA,1
1150/1180,N4,N4,111656,DBRC,32 MA,1
1150/1180,N4,N4,400020,VARUNA,32 MA,1
1150/1180,N4,N4,400021,COSMO,32 MA,1
1150/1180,N4,N4,400021,DBRC,32 MA,1
1150/1180,N4,N4,400021,EXPRESS,32 MA,2
1150/1180,N4,N4,400021,LG BROTHERS,32 MA,2
1150/1180,N4,N4,400021,RCI,32 MA,4
1150/1180,N4,N4,400021,VARUNA,32 MA,6
1150/1180,N4,N4,400056,LG BROTHERS,32 MA,1
1150/1180,N4,N4,400058,COSMO,32 MA,2
1150/1180,N4,N4,400058,DBRC,32 MA,2
1150/1180,N4,N4,400058,EXPRESS,32 MA,1
1150/1180,N4,N4,400058,LG BROTHERS,32 MA,3
1150/1180,N4,N4,400058,RCI,32 MA,2
1150/1180,N4,N4,400058,VARUNA,32 MA,2
1150/1180,N4,N4,400076,EXPRESS,32 MA,2
1150/1180,N4,N4,400076,LG BROTHERS,32 SA,17
1150/1180,N4,N4,400076,RCI,32 SA,13
1150/1180,N4,N4,400076,VARUNA,32 MA,2
1150/1180,N4,N4,400076,VARUNA,32 SA,16
1150/1180,N4,N4,400211,EXPRESS,32 MA,4
1150/1180,N4,N4,400211,LG BROTHERS,32 MA,2
1150/1180,N4,N4,400211,LG BROTHERS,32 SA,15
1150/1180,N4,N4,400211,RCI,32 MA,8
1150/1180,N4,N4,400211,RCI,32 SA,15
1150/1180,N4,N4,400211,VARUNA,32 MA,3
1150/1180,N4,N4,400211,VARUNA,32 SA,16
1150/1180,N4,N4,400286,LG BROTHERS,32 MA,2
1150/1180,N4,N4,400286,RCI,32 MA,3
1150/1180,N4,N4,400286,VARUNA,32 MA,4
1150/1180,N4,N4,400304,LG BROTHERS,32 MA,2
1150/1180,N4,N4,400304,RCI,32 MA,2
1150/1180,N4,N4,400304,VARUNA,32 MA,3
1150/1180,N4,N4,400308,EXPRESS,32 MA,1
1150/1180,N4,N4,400308,LG BROTHERS,32 MA,1
1150/1180,N4,N4,400308,VARUNA,32 MA,1
1150/1180,N4,N4,400335,EXPRESS,32 MA,1
1150/1180,N4,N4,400335,RCI,32 MA,2
1150/1180,N4,N4,400335,VARUNA,32 MA,3
1150/1180,N4,N4,400353,DBRC,32 MA,1
1150/1180,N4,N4,400353,EXPRESS,32 MA,1
1150/1180,N4,N4,400353,RCI,32 MA,1
1150/1180,N4,N4,400353,VARUNA,32 MA,2
1150/1180,N4,N4,400359,LG BROTHERS,32 SA,1
1150/1180,N4,N4,400359,RCI,32 MA,1
1150/1180,N4,N4,400359,RCI,32 SA,1
1150/1180,N4,N4,400359,VARUNA,32 MA,1
1150/1180,N4,N4,400359,VARUNA,32 SA,4
1150/1180,N4,N4,400361,DBRC,32 MA,2
1150/1180,N4,N4,400361,RCI,32 MA,1
1150/1180,N4,N4,400361,VARUNA,32 MA,2
1150/1180,N4,N4,5001,COSMO,32 MA,1
1150/1180,N4,N4,5001,DBRC,32 MA,1
1150/1180,N4,N4,5001,VARUNA,32 MA,4
1150/1180,N4,N4,5002,COSMO,32 MA,1
1150/1180,N4,N4,5002,DBRC,32 MA,2
1150/1180,N4,N4,5002,VARUNA,32 MA,3
1150/1180,N4,N4,5004,DBRC,32 MA,1
1150/1180,N4,N4,5004,VARUNA,32 MA,1
1150/1180,N4,N4,5006,EXPRESS,32 MA,1
1150/1180,N4,N4,5006,RCI,32 MA,1
1150/1180,N4,N4,5054,DBRC,32 MA,1
1150/1180,N4,N4,5054,EXPRESS,32 MA,1
1150/1180,N4,N4,5054,RCI,32 MA,1
1150/1180,N4,N4,5054,VARUNA,32 MA,1
1150/1180,N4,N4,5071,VARUNA,32 MA,1
1150/1180,N4,N4_1,400126,DBRC,32 MA,1
1150/1180,N4,N4_1,400126,LG BROTHERS,32 MA,1
1150/1180,N4,N4_1,400126,VARUNA,32 MA,1
1150/1180,N4,N4_1,5115,COSMO,32 MA,1
1150/1180,N4,N4_1,5115,VARUNA,32 MA,2
1150/1180,N4,N4_1,5151,COSMO,32 MA,2
1150/1180,N4,N4_1,5151,LG BROTHERS,32 MA,2
1150/1180,N4,N4_1,5151,RCI,32 MA,1
1150/1180,N4,N4_1,5151,VARUNA,32 MA,1
1150/1180,N4,N4_1,5152,COSMO,32 MA,1
1150/1180,N4,N4_1,5152,DBRC,32 MA,2
1150/1180,N4,N4_1,5152,EXPRESS,32 MA,2
1150/1180,N4,N4_1,5152,LG,32 MA,1
1150/1180,N4,N4_1,5152,RCI,32 MA,2
1150/1180,N4,N4_1,5152,VARUNA,32 MA,2
1150/1180,N4,N4_1,5153,EXPRESS,32 MA,1
1150/1180,N4,N4_1,5153,LG BROTHERS,32 MA,1
1150/1180,N4,N4_1,5153,RCI,32 MA,1
1150/1180,N4,N4_1,5153,VARUNA,32 MA,1
1150/1180,N4,N4_1,5155,EXPRESS,32 MA,1
1150/1180,N4,N4_1,5155,RCI,32 MA,1
1150/1180,N4,N4_1,5155,VARUNA,32 MA,3
1150/1180,N4,N4_1,5157,EXPRESS,32 MA,1
1150/1180,N4,N4_1,5157,RCI,32 MA,1
1150/1180,N4,N4_1,5157,VARUNA,32 MA,1
1150/1180,N4,N4_1,5201,EXPRESS,32 MA,1
1150/1180,N4,N4_1,5201,LG BROTHERS,32 MA,1
1150/1180,N4,N4_1,5201,RCI,32 MA,2
1150/1180,N4,N4_1,5202,LG BROTHERS,32 MA,1
1150/1180,N4,N4_1,5202,RCI,32 MA,1
1150/1180,N4,N4_1,5203,DBRC,32 MA,2
1150/1180,N4,N4_1,5203,EXPRESS,32 MA,1
1150/1180,N4,N4_1,5203,LG BROTHERS,32 MA,1
1150/1180,N4,N4_1,5203,VARUNA,32 MA,2
1150/1180,N4,N4_1,5206,DBRC,32 MA,1
1150/1180,N4,N4_1,5206,VARUNA,32 MA,1
1150/1180,N5,N5,400011,DBRC,32 SA,1
1150/1180,N5,N5,400011,LG BROTHERS,32 SA,2
1150/1180,N5,N5,400011,RCI,32 SA,1
1150/1180,N5,N5,400011,VARUNA,32 SA,3
1150/1180,N5,N5,400044,DBRC,32 MA,1
1150/1180,N5,N5,400044,VARUNA,32 MA,1
1150/1180,N5,N5,400045,RCI,32 MA,1
1150/1180,N5,N5,400292,RCI,32 MA,2
1150/1180,N5,N5,400292,VARUNA,32 MA,2
1150/1180,N5,N5,400294,DBRC,32 MA,1
1150/1180,N5,N5,400294,RCI,32 MA,1
1150/1180,N5,N5,5050,DBRC,32 MA,9
1150/1180,N5,N5,5050,LG BROTHERS,32 MA,4
1150/1180,N5,N5,5050,RCI,32 MA,9
1150/1180,N5,N5,5050,VARUNA,32 MA,7
1150/1180,N5,N5,5052,DBRC,32 MA,1
1150/1180,N5,N5,5052,RCI,32 MA,1
1150/1180,N5,N5,5052,VARUNA,32 MA,2
1150/1180,N5,N5,5053,DRS,32 MA,1
1150/1180,N5,N5,5053,RCI,32 MA,2
1150/1180,N5,N5,5053,VARUNA,32 MA,1
1150/1180,N5,N5,5055,DRS,32 MA,1
1150/1180,N5,N5,5055,LG BROTHERS,32 MA,1
1150/1180,N5,N5,5055,RCI,32 MA,1
1150/1180,N5,N5,5055,VARUNA,32 MA,2
1150/1180,N5,N5,5061,LG BROTHERS,32 MA,1
1150/1180,N5,N5,5061,RCI,32 MA,4
1150/1180,N5,N5,5061,VARUNA,32 MA,1
1150/1180,N5,N5,5251,LG BROTHERS,32 MA,1
1150/1180,N5,N5,5251,RCI,32 MA,2
1150/1180,N5,N5,5251,VARUNA,32 MA,1
1150/1180,N5,N5,5252,RCI,32 MA,2
1150/1180,N5,N5,5301,DBRC,32 MA,1
1150/1180,N5,N5,5301,DRS,32 MA,2
1150/1180,N5,N5,5301,LG BROTHERS,32 MA,2
1150/1180,N5,N5,5301,LG BROTHERS,32 SA,1
1150/1180,N5,N5,5301,RCI,32 MA,4
1150/1180,N5,N5,5301,VARUNA,32 MA,3
1150/1180,N5,N5,5301,VARUNA,32 SA,1
1150/1180,N5,N5,5303,LG BROTHERS,32 MA,1
1150/1180,N5,N5,5303,LG BROTHERS,32 SA,2
1150/1180,N5,N5,5303,RCI,32 SA,1
1150/1180,N5,N5,5303,VARUNA,32 MA,1
1150/1180,N5,N5,5303,VARUNA,32 SA,1
1150/1180,N5,N5,5305,DRS,32 MA,2
1150/1180,N5,N5,5305,RCI,32 SA,1
1150/1180,N5,N5,5305,VARUNA,32 MA,3
1150/1180,N5,N5,5305,VARUNA,32 SA,1
1150/1180,N5,N5,5306,DRS,32 MA,1
1150/1180,N5,N5,5306,RCI,32 SA,1
1150/1180,N5,N5,5306,VARUNA,32 MA,1
1150/1180,N5,N5,5306,VARUNA,32 SA,2
1150/1180,N5,N5,5307,DRS,32 MA,1
1150/1180,N5,N5,5307,VARUNA,32 MA,1
1150/1180,N6,N6,108540,LG BROTHERS,24 FT,1
1150/1180,N6,N6,114228,LG BROTHERS,24 FT,1
1150/1180,N6,N6,400025,RCI,32 MA,1
1150/1180,N6,N6,400025,VARUNA,32 MA,1
1150/1180,N6,N6,400057,DBRC,32 MA,1
1150/1180,N6,N6,400057,DRS,32 MA,1
1150/1180,N6,N6,400057,LG BROTHERS,32 MA,1
1150/1180,N6,N6,400057,RCI,32 MA,4
1150/1180,N6,N6,400057,VARUNA,32 MA,3
1150/1180,N6,N6,400083,RCI,32 MA,1
1150/1180,N6,N6,400231,VARUNA,32 MA,1
1150/1180,N6,N6,400314,DBRC,32 MA,1
1150/1180,N6,N6,400314,DRS,32 MA,1
1150/1180,N6,N6,400314,LG BROTHERS,32 MA,2
1150/1180,N6,N6,400314,RCI,32 MA,3
1150/1180,N6,N6,400314,VARUNA,32 MA,1
1150/1180,N6,N6,5040,DBRC,32 MA,7
1150/1180,N6,N6,5040,DRS,32 MA,1
1150/1180,N6,N6,5040,LG BROTHERS,32 MA,3
1150/1180,N6,N6,5040,LG BROTHERS,32 SA,1
1150/1180,N6,N6,5040,RCI,32 MA,7
1150/1180,N6,N6,5040,VARUNA,32 MA,8
1150/1180,N6,N6,5040,VARUNA,32 SA,2
1150/1180,N6,N6,5051,DBRC,32 MA,3
1150/1180,N6,N6,5051,RCI,32 MA,2
1150/1180,N6,N6,5051,VARUNA,32 MA,4
1150/1180,N6,N6,5101,DBRC,32 MA,1
1150/1180,N6,N6,5101,RCI,32 MA,2
1150/1180,N6,N6,5101,VARUNA,32 MA,2
1150/1180,N6,N6,5102,LG BROTHERS,32 MA,1
1150/1180,N6,N6,5102,RCI,32 MA,1
1150/1180,N6,N6,5102,VARUNA,32 MA,1
1150/1180,N6,N6,5103,DRS,32 MA,1
1150/1180,N6,N6,5103,RCI,32 MA,1
1150/1180,N6,N6,5105,DRS,32 MA,1
1150/1180,N6,N6,5105,LG BROTHERS,32 MA,1
1150/1180,N6,N6,5105,VARUNA,32 MA,1
1150/1180,N6,N6,5106,VARUNA,32 MA,1
1150/1180,N6,N6,5107,LG BROTHERS,32 MA,1
1150/1180,N6,N6,5107,RCI,32 MA,3
1150/1180,N6,N6,5107,VARUNA,32 MA,1
1150/1180,N6,N6,5116,RCI,32 MA,2
1150/1180,N6,N6,5120,DBRC,32 MA,5
1150/1180,N6,N6,5120,DBRC,32 SA,2
1150/1180,N6,N6,5120,DRS,32 MA,3
1150/1180,N6,N6,5120,LG BROTHERS,32 MA,3
1150/1180,N6,N6,5120,LG BROTHERS,32 SA,4
1150/1180,N6,N6,5120,RCI,32 MA,6
1150/1180,N6,N6,5120,VARUNA,32 MA,5
1150/1180,N6,N6,5120,VARUNA,32 SA,1
1150/1180,S6,S6,400060,KTC,18 FT,9
1150/1180,S6,S6,400060,MEGA,18 FT,1
1150/1180,S6,S6,8155,KTC,18 FT,15
1150/1180,S6,S6,8155,MEGA,18 FT,6
1150/1180,S6,S6,8251,KTC,18 FT,23
1150/1180,S6,S6,8251,MEGA,18 FT,6
1150/1180,S6,S6,8255,KTC,18 FT,23
1150/1180,S6,S6,8255,MEGA,18 FT,4
1150/1180,S6,S6,8257,KTC,18 FT,12
1150/1180,S6,S6,8257,MEGA,18 FT,1
1150/1180,S6,S6,8259,KTC,18 FT,2
1150/1180,S6,S6,8259,MEGA,18 FT,1
1150/1180,S6,S6,8261,KTC,18 FT,7
1150/1180,S6,S6,8261,MEGA,18 FT,1
1150/1180,S6,S6,8352,KTC,18 FT,2
1150/1180,S6,S6_1,111210,KTC,18 FT,1
1150/1180,S6,S6_1,8252,KTC,18 FT,7
1150/1180,S6,S6_1,8252,MEGA,18 FT,5
1150/1180,S6,S6_1,8253,KTC,18 FT,4
1150/1180,S6,S6_1,8253,MEGA,18 FT,3
1150/1180,S6,S6_1,8254,KTC,18 FT,9
1150/1180,S6,S6_1,8254,MEGA,18 FT,4
1150/1180,S6,S6_1,8256,KTC,18 FT,11
1150/1180,S6,S6_1,8256,MEGA,18 FT,7
1150/1180,S6,S6_1,8258,KTC,18 FT,7
1150/1180,S6,S6_1,8258,MEGA,18 FT,2
1150/1180,S7,S7,107922,KTC,24 FT,1
1150/1180,S7,S7,400047,KTC,18 FT,1
1150/1180,S7,S7,400348,KTC,18 FT,1
1150/1180,S7,S7,8001,KTC,18 FT,3
1150/1180,S7,S7,8002,KTC,18 FT,2
1150/1180,S7,S7,8003,KTC,18 FT,5
1150/1180,S7,S7,8004,KTC,18 FT,2
1150/1180,S7,S7,8005,KTC,18 FT,4
1150/1180,S7,S7,8006,KTC,18 FT,3
1150/1180,S7,S7,8010,COSMO,32 MA,3
1150/1180,S7,S7,8010,KTC,18 FT,29
1150/1180,S7,S7,8051,KTC,18 FT,2
1150/1180,S7,S7,8052,KTC,18 FT,5
1150/1180,S7,S7,8053,KTC,18 FT,4
1150/1180,S7,S7,8055,KTC,18 FT,3
1150/1180,S7,S7_1,8102,KTC,18 FT,5
1150/1180,S7,S7_1,8103,KTC,18 FT,8
1150/1180,S7,S7_1,8103,KTC,24 FT,1
1150/1180,S7,S7_1,8105,KTC,18 FT,6
1150/1180,S7,S7_1,8106,KTC,18 FT,2
1150/1180,S7,S7_1,8107,KTC,18 FT,2
1150/1180,S7,S7_1,8110,KTC,18 FT,18
1150/1180,S8,S8,400024,GNANABELLA,18 FT,1
1150/1180,S8,S8,400024,KTC,18 FT,2
1150/1180,S8,S8,400063,KTC,18 FT,2
1150/1180,S8,S8,400068,GNANABELLA,18 FT,1
1150/1180,S8,S8,400068,KTC,18 FT,5
1150/1180,S8,S8,400078,KTC,18 FT,1
1150/1180,S8,S8,400196,KTC,18 FT,2
1150/1180,S8,S8,400306,GNANABELLA,24 FT,1
1150/1180,S8,S8,400324,KTC,18 FT,1
1150/1180,S8,S8,400343,KTC,24 FT,1
1150/1180,S8,S8,8301,KTC,18 FT,1
1150/1180,S8,S8,8302,KTC,18 FT,1
1150/1180,S8,S8,8303,KTC,18 FT,2
1150/1180,S8,S8,8304,GNANABELLA,24 FT,1
1150/1180,S8,S8,8304,KTC,18 FT,1
1150/1180,S8,S8,8311,GNANABELLA,18 FT,1
1150/1180,S8,S8,8311,KTC,18 FT,3
1150/1180,S8,S8,8312,DEDICATED,32 MA,1
1150/1180,S8,S8,8312,KTC,18 FT,1
1150/1180,S8,S8,8313,KTC,18 FT,1
1150/1180,S8,S8,8351,GNANABELLA,18 FT,3
1150/1180,S8,S8,8351,KTC,18 FT,6
1150/1180,S8,S8,8351,MEGA,18 FT,1
1150/1180,S8,S8,8352,KTC,18 FT,3
1150/1180,S8,S8,8352,KTC,32 MA,1
1150/1180,S8,S8,8353,GNANABELLA,18 FT,2
1150/1180,S8,S8,8353,KTC,18 FT,3
1150/1180,S8,S8,8354,GNANABELLA,18 FT,1
1150/1180,S8,S8,8354,KTC,18 FT,1
1150/1180,S8,S8,8354,KTC,24 FT,1
1150/1180,S8,S8,8355,KTC,18 FT,1
1150/1180,S8,S8,8356,KTC,18 FT,2
1150/1180,S8,S8_1,400074,APML,32 SA,6
1150/1180,S8,S8_1,400074,COSMO,32 MA,1
1150/1180,S8,S8_1,400074,RCI,32 SA,3
1150/1180,S8,S8_1,400171,APML,32 MA,1
1150/1180,S8,S8_1,400171,APML,32 SA,5
1150/1180,S8,S8_1,400171,RCI,32 SA,8
1150/1180,S9,S9_5,4000,DEDICATED,18 FT,4
1150/1180,S9,S9_5,4000,DEDICATED,32 MA,21
1150/1180,S9,S9_5,400031,DEDICATED,32 MA,18
1150/1180,S9,S9_5,4001,DEDICATED,32 MA,5
1150/1180,S9,S9_5,4003,DEDICATED,18 FT,2
1150/1180,S9,S9_5,4003,DEDICATED,32 MA,39
1150/1180,S9,S9_5,400311,COSMO,32 MA,1
1150/1180,S9,S9_5,400311,DEDICATED,32 MA,5
1150/1180,S9,S9_5,400327,DEDICATED,32 MA,7
1150/1180,S9,S9_5,8104,DEDICATED,32 MA,2
1150/1180,S9,S9_5,8150,DEDICATED,18 FT,10
1150/1180,S9,S9_5,8150,DEDICATED,32 MA,46
1150/1180,S9,S9_5,8151,DEDICATED,18 FT,2
1150/1180,S9,S9_5,8151,DEDICATED,32 MA,11
1150/1180,S9,S9_5,8151,KTC,18 FT,2
1150/1180,S9,S9_5,8153,DEDICATED,18 FT,6
1150/1180,S9,S9_5,8153,DEDICATED,32 MA,11
1150/1180,S9,S9_5,8153,EAST INDIA,18 FT,1
1150/1180,S9,S9_5,8153,KTC,18 FT,3
1150/1180,S9,S9_5,8156,DEDICATED,18 FT,6
1150/1180,S9,S9_5,8156,DEDICATED,32 MA,10
1150/1180,S9,S9_5,8300,DEDICATED,18 FT,2
1150/1180,S9,S9_5,8300,DEDICATED,32 MA,54
1150/1180,S9,S9_5,8300,KTC,18 FT,2
1150/1180,S9,S9_5,8300,LG BROTHERS,32 MA,2
1150/1180,S9,S9_5,8305,DEDICATED,32 MA,2
1150/1180,S9,S9_5,8305,RCI,18 FT,1
1150/1180,W3,W3,400003,EXPRESS,32 MA,1
1150/1180,W3,W3,400017,DGFC,32 MA,1
1150/1180,W3,W3,400017,EXPRESS,32 MA,3
1150/1180,W3,W3,400034,DGFC,32 MA,1
1150/1180,W3,W3,400034,EAST INDIA,32 MA,1
1150/1180,W3,W3,400034,EXPRESS,32 MA,3
1150/1180,W3,W3,400034,MEGA,32 MA,1
1150/1180,W3,W3,400034,SWASTIK,32 MA,1
1150/1180,W3,W3,400038,APML,32 MA,1
1150/1180,W3,W3,400038,EAST INDIA,32 MA,3
1150/1180,W3,W3,400038,EXPRESS,32 MA,4
1150/1180,W3,W3,400038,MEGA,32 MA,1
1150/1180,W3,W3,400038,RCI,32 MA,1
1150/1180,W3,W3,400038,SWASTIK,32 MA,1
1150/1180,W3,W3,400043,APML,32 MA,1
1150/1180,W3,W3,400043,DGFC,32 MA,1
1150/1180,W3,W3,400043,EAST INDIA,32 MA,1
1150/1180,W3,W3,400043,EXPRESS,32 MA,6
1150/1180,W3,W3,400043,SWASTIK,32 MA,1
1150/1180,W3,W3,400048,EAST INDIA,32 MA,1
1150/1180,W3,W3,400048,EXPRESS,32 MA,4
1150/1180,W3,W3,400048,SWASTIK,32 MA,1
1150/1180,W3,W3,400048,TRUE FREIGHT,32 MA,1
1150/1180,W3,W3,400075,EAST INDIA,32 MA,1
1150/1180,W3,W3,400075,EXPRESS,32 MA,3
1150/1180,W3,W3,400075,MEGA,32 MA,1
1150/1180,W3,W3,400191,DGFC,32 MA,1
1150/1180,W3,W3,400191,EXPRESS,32 MA,2
1150/1180,W3,W3,400191,MEGA,32 MA,1
1150/1180,W3,W3,400300,EAST INDIA,32 MA,1
1150/1180,W3,W3,400300,MEGA,32 MA,1
1150/1180,W3,W3,400329,DGFC,32 MA,1
1150/1180,W3,W3,400339,DGFC,32 MA,1
1150/1180,W3,W3,400339,MEGA,32 MA,2
1150/1180,W3,W3,7102,APML,32 MA,4
1150/1180,W3,W3,7102,DGFC,32 MA,1
1150/1180,W3,W3,7102,EXPRESS,32 MA,2
1150/1180,W3,W3,7102,RCI,32 MA,1
1150/1180,W3,W3,7102,SWASTIK,32 MA,1
1150/1180,W3,W3,7102,TRUE FREIGHT,32 MA,3
1150/1180,W3,W3,7104,EXPRESS,32 MA,1
1150/1180,W3,W3,7104,TRUE FREIGHT,32 MA,1
1150/1180,W3,W3,7150,APML,32 MA,2
1150/1180,W3,W3,7150,DGFC,32 MA,4
1150/1180,W3,W3,7150,EXPRESS,32 MA,6
1150/1180,W3,W3,7150,MEGA,32 MA,1
1150/1180,W3,W3,7150,RCI,32 MA,3
1150/1180,W3,W3,7150,SWASTIK,32 MA,2
1150/1180,W3,W3,7150,TRUE FREIGHT,32 MA,1
1150/1180,W3,W3,7151,DGFC,32 MA,1
1150/1180,W3,W3,7151,EXPRESS,32 MA,3
1150/1180,W3,W3,7151,RCI,32 MA,2
1150/1180,W3,W3,7152,APML,32 MA,1
1150/1180,W3,W3,7152,DGFC,32 MA,5
1150/1180,W3,W3,7152,EXPRESS,32 MA,4
1150/1180,W3,W3,7152,MEGA,32 MA,3
1150/1180,W3,W3,7152,RCI,32 MA,4
1150/1180,W3,W3,7152,TRUE FREIGHT,32 MA,2
1150/1180,W3,W3,7153,DGFC,32 MA,1
1150/1180,W3,W3,7153,EXPRESS,32 MA,1
1150/1180,W3,W3,7153,MEGA,32 MA,1
1150/1180,W3,W3,7154,EAST INDIA,32 MA,1
1150/1180,W3,W3,7154,MEGA,32 MA,1
1150/1180,W3,W3,7161,EXPRESS,32 MA,1
1150/1180,W3,W3_1,400023,EXPRESS,32 MA,2
1150/1180,W3,W3_1,400023,RCI,32 MA,1
1150/1180,W3,W3_1,400221,DGFC,32 MA,1
1150/1180,W3,W3_1,400350,APML,32 MA,2
1150/1180,W3,W3_1,400350,DGFC,32 MA,1
1150/1180,W3,W3_1,400350,EAST INDIA,32 MA,1
1150/1180,W3,W3_1,400350,EXPRESS,32 MA,3
1150/1180,W3,W3_1,400350,MEGA,32 MA,2
1150/1180,W3,W3_1,400350,RCI,32 MA,4
1150/1180,W3,W3_1,400350,SWASTIK,32 MA,1
1150/1180,W3,W3_1,400350,TRUE FREIGHT,32 MA,1
1150/1180,W3,W3_1,7000,APML,32 MA,2
1150/1180,W3,W3_1,7000,EAST INDIA,32 MA,2
1150/1180,W3,W3_1,7000,EXPRESS,32 MA,2
1150/1180,W3,W3_1,7000,MEGA,32 MA,1
1150/1180,W3,W3_1,7000,RCI,32 MA,2
1150/1180,W3,W3_1,7000,TRUE FREIGHT,32 MA,4
1150/1180,W3,W3_1,7001,DGFC,32 MA,2
1150/1180,W3,W3_1,7001,RCI,32 MA,2
1150/1180,W3,W3_1,7001,SWASTIK,32 MA,1
1150/1180,W3,W3_1,7002,EAST INDIA,32 MA,1
1150/1180,W3,W3_1,7002,EXPRESS,32 MA,2
1150/1180,W3,W3_1,7002,RCI,32 MA,2
1150/1180,W3,W3_1,7003,EXPRESS,32 MA,3
1150/1180,W3,W3_1,7003,RCI,32 MA,1
1150/1180,W3,W3_1,7004,RCI,32 MA,1
1150/1180,W3,W3_1,7051,APML,32 MA,1
1150/1180,W3,W3_1,7051,DGFC,32 MA,1
1150/1180,W3,W3_1,7051,EXPRESS,32 MA,5
1150/1180,W3,W3_1,7051,MEGA,32 MA,1
1150/1180,W3,W3_1,7051,RCI,32 MA,3
1150/1180,W3,W3_1,7051,TRUE FREIGHT,32 MA,1
1150/1180,W3,W3_1,7054,EXPRESS,32 MA,2
1150/1180,W3,W3_2,7103,DEDICATED,32 MA,3
1150/1180,W3,W3_2,7103,EXPRESS,32 MA,1
1150/1180,W3,W3_2,7103,SWASTIK,32 MA,1
1150/1180,W3,W3_2,7105,DEDICATED,32 MA,10
1150/1180,W3,W3_2,7157,DEDICATED,32 MA,4
1150/1180,W4,W4,104687,RCI,32 MA,2
1150/1180,W4,W4,104687,SWASTIK,32 MA,2
1150/1180,W4,W4,104687,TRUE FREIGHT,32 MA,4
1150/1180,W4,W4,400066,SWASTIK,32 MA,2
1150/1180,W4,W4,5156,RCI,32 MA,2
1150/1180,W4,W4,5156,TRUE FREIGHT,32 MA,1
1150/1180,W4,W4,7250,DGFC,32 MA,1
1150/1180,W4,W4,7250,RCI,32 MA,6
1150/1180,W4,W4,7250,SWASTIK,32 MA,5
1150/1180,W4,W4,7250,TRUE FREIGHT,32 MA,3
1150/1180,W4,W4,7251,RCI,32 MA,6
1150/1180,W4,W4,7251,SWASTIK,32 MA,2
1150/1180,W4,W4,7251,TRUE FREIGHT,32 MA,2
1150/1180,W4,W4,7252,RCI,32 MA,4
1150/1180,W4,W4,7252,SWASTIK,32 MA,2
1150/1180,W4,W4,7252,TRUE FREIGHT,32 MA,1
1150/1180,W4,W4,7253,RCI,32 MA,4
1150/1180,W4,W4,7253,SWASTIK,32 MA,2
1150/1180,W4,W4,7254,RCI,32 MA,4
1150/1180,W4,W4,7254,SWASTIK,32 MA,1
1150/1180,W4,W4,7301,RCI,32 MA,5
1150/1180,W4,W4,7302,RCI,32 MA,12
1150/1180,W4,W4,7302,SWASTIK,32 MA,2
1150/1180,W4,W4,7302,TRUE FREIGHT,32 MA,2
1150/1180,W4,W4,7304,RCI,32 MA,1
1150/1180,W4,W4,7304,SWASTIK,32 MA,1
1160,E1,E1,400035,ANAND,32 MA,15
1160,E1,E1,400035,DGFC,32 MA,18
1160,E1,E1,400035,EAST,32 MA,2
1160,E1,E1,400035,EAST INDIA,32 MA,10
1160,E1,E1,400035,KAPOOR,32 MA,7
1160,E1,E1,400035,TRIMURTHI,32 MA,6
1160,E1,E1,4002,DGFC,32 MA,1
1160,E1,E1,4002,TRIMURTHI,32 MA,2
1160,E1,E1,6200,EAST,32 MA,1
1160,E1,E1,6200,EAST INDIA,32 MA,4
1160,E1,E1,6200,TRIMURTHI,32 MA,4
1160,E1,E1,6202,TRIMURTHI,32 MA,1
1160,E1,E1,6203,DGFC,32 MA,1
1160,E1,E1,6203,TRIMURTHI,32 MA,1
1160,E1,E1,6206,DGFC,32 MA,1
1160,E2,E2,6000,ANAND,32 MA,2
1160,E2,E2,6000,KAPOOR,32 MA,4
1160,E2,E2,6001,KAPOOR,32 MA,1
1160,E2,E2,6003,KAPOOR,32 MA,2
1160,E2,E2,6004,KAPOOR,32 MA,1
1160,E2,E2,6012,EAST INDIA,32 MA,1
1160,E2,E2,6012,KAPOOR,32 MA,1
1160,E2,E2,6013,ANAND,32 MA,1
1160,E2,E2,6053,ANAND,32 MA,1
1160,E2,E2,6053,EAST INDIA,32 MA,2
1160,E2,E2,6053,KAPOOR,32 MA,1
1160,E2,E2,6102,ANAND,32 MA,1
1160,E2,E2,6102,EAST INDIA,32 MA,2
1160,E2,E2,6102,KAPOOR,32 MA,1
1160,N1,N1,5001,VIKAS,32 MA,1
1160,N1,N1,5002,EAST INDIA,32 MA,1
1160,N1,N1,5004,EAST INDIA,32 MA,1
1160,N1,N1_1,400126,EAST INDIA,32 MA,1
1160,N1,N1_1,400126,KAPOOR,32 MA,1
1160,N1,N1_1,5151,DBRC,32 MA,1
1160,N1,N1_1,5151,EAST INDIA,32 MA,2
1160,N1,N1_1,5151,VIKAS,32 MA,2
1160,N1,N1_1,5152,EAST,32 MA,1
1160,N1,N1_1,5152,EAST INDIA,32 MA,1
1160,N1,N1_1,5152,VARUNA,32 MA,1
1160,N1,N1_1,5152,VIKAS,32 MA,1
1160,N1,N1_1,5153,LG BROTHERS,32 MA,1
1160,N1,N1_1,5153,VARUNA,32 MA,1
1160,N1,N1_1,5155,KAPOOR,32 MA,1
1160,N1,N1_1,5155,VARUNA,32 MA,1
1160,N1,N1_1,5157,SWASTIK,32 MA,1
1160,N1,N1_1,5203,DBRC,32 MA,1
1160,N1,N1_1,5203,EAST INDIA,32 MA,4
1160,N1,N1_1,5203,SWASTIK,32 MA,1
1160,N1,N1_2,400076,DBRC,32 MA,2
1160,N1,N1_2,400077,MAHAVEERA,32 MA,2
1160,N1,N1_2,400077,VARUNA,32 MA,1
1160,N1,N1_2,400077,VIKAS,32 MA,4
1160,N1,N1_2,400211,DBRC,32 MA,6
1160,N1,N1_2,400211,EAST INDIA,32 MA,6
1160,N1,N1_2,400211,KAPOOR,32 MA,1
1160,N1,N1_2,400211,LG BROTHERS,32 MA,2
1160,N1,N1_2,400211,MAHAVEERA,32 MA,8
1160,N1,N1_2,400211,MAHAVEERA,50 FT,5
1160,N1,N1_2,400211,VARUNA,32 MA,3
1160,N1,N1_2,400211,VIKAS,32 MA,3
1160,N1,N1_2,400323,DBRC,32 MA,1
1160,N1,N1_2,400323,EAST INDIA,32 MA,3
1160,N1,N1_2,400323,KAPOOR,32 MA,2
1160,N1,N1_2,400323,LG BROTHERS,32 MA,1
1160,N1,N1_2,400323,MAHAVEERA,32 MA,6
1160,N1,N1_2,400323,VARUNA,32 MA,3
1160,N1,N1_2,400323,VIKAS,32 MA,1
1160,N2,N2,400121,DRS,32 MA,1
1160,N2,N2,400121,LG BROTHERS,32 MA,1
1160,N2,N2,400121,RCI,32 MA,1
1160,N2,N2,400121,RIVIGO,32 MA,3
1160,N2,N2,400121,VARUNA,32 MA,2
1160,N2,N2,400121,VIKAS,32 MA,2
1160,N2,N2,400303,DBRC,32 MA,6
1160,N2,N2,400303,DRS,32 MA,9
1160,N2,N2,400303,LG BROTHERS,32 MA,6
1160,N2,N2,400303,RCI,32 MA,3
1160,N2,N2,400303,RIVIGO,32 MA,5
1160,N2,N2,400303,VARUNA,32 MA,8
1160,N2,N2,400303,VIKAS,32 MA,2
1160,N2,N2,5050,DBRC,32 MA,3
1160,N2,N2,5050,DRS,32 MA,2
1160,N2,N2,5050,LG BROTHERS,32 MA,2
1160,N2,N2,5050,RCI,32 MA,1
1160,N2,N2,5050,RIVIGO,32 MA,1
1160,N2,N2,5050,VARUNA,32 MA,3
1160,N2,N2,5050,VIKAS,32 MA,4
1160,N2,N2,5053,VIKAS,32 MA,1
1160,N2,N2,5055,VARUNA,32 MA,1
1160,N2,N2,5251,VARUNA,32 MA,1
1160,N2,N2,5301,VARUNA,32 MA,4
1160,N2,N2,5301,VIKAS,32 MA,1
1160,N2,N2,5303,VARUNA,32 MA,3
1160,N2,N2,5303,VIKAS,32 MA,1
1160,N2,N2,5305,VARUNA,32 MA,2
1160,N2,N2,5306,RIVIGO,32 MA,1
1160,N2,N2,5307,RCI,32 MA,1
1160,N2,N2,5307,VARUNA,32 MA,1
1160,N3,N3,5040,DBRC,32 MA,1
1160,N3,N3,5040,DRS,32 MA,3
1160,N3,N3,5040,LG BROTHERS,32 MA,3
1160,N3,N3,5040,RIVIGO,32 MA,3
1160,N3,N3,5040,VIKAS,32 MA,2
1160,N3,N3,5051,LG BROTHERS,32 MA,1
1160,N3,N3,5051,VIKAS,32 MA,1
1160,N3,N3,5101,RIVIGO,32 MA,1
1160,N3,N3,5103,LG BROTHERS,32 MA,1
1160,N3,N3,5104,LG BROTHERS,32 MA,2
1160,N3,N3,5104,RIVIGO,32 MA,1
1160,N3,N3,5104,VIKAS,32 MA,1
1160,N3,N3,5108,RIVIGO,32 MA,1
1160,N3,N3,5112,LG BROTHERS,32 MA,1
1160,N3,N3,5114,LG BROTHERS,32 MA,1
1160,N3,N3,5120,DBRC,32 MA,3
1160,N3,N3,5120,DRS,32 MA,4
1160,N3,N3,5120,LG BROTHERS,32 MA,4
1160,N3,N3,5120,RIVIGO,32 MA,2
1160,S1,S1,400031,KTC,18 FT,6
1160,S1,S1,400031,MAHAVEERA,18 FT,14
1160,S1,S1,400031,MAHAVEERA,32 MA,1
1160,S1,S1,400031,MEGA,18 FT,3
1160,S1,S1,8304,MAHAVEERA,18 FT,2
1160,S1,S1,8304,MEGA,18 FT,1
1160,S1,S1,8305,MAHAVEERA,18 FT,1
1160,S1,S1,8305,MEGA,18 FT,2
1160,S1,S1,8311,MAHAVEERA,18 FT,2
1160,S1,S1,8311,MAHAVEERA,24 FT,1
1160,S1,S1,8313,MAHAVEERA,18 FT,2
1160,S1,S1,8315,KTC,18 FT,1
1160,S1,S1,8351,KTC,18 FT,1
1160,S1,S1,8351,MAHAVEERA,18 FT,1
1160,S1,S1,8351,MEGA,18 FT,1
1160,S1,S1,8352,MAHAVEERA,18 FT,3
1160,S1,S1,8353,MAHAVEERA,18 FT,1
1160,S1,S1,8356,KTC,18 FT,1
1160,S1,S1,8356,MAHAVEERA,18 FT,1
1160,S1,S1_1,400078,ILAN,18 FT,10
1160,S1,S1_1,400078,MEGA,18 FT,6
1160,S1,S1_1,400078,SWASTIK,18 FT,1
1160,S1,S1_1,400196,ILAN,18 FT,11
1160,S1,S1_1,400196,MEGA,18 FT,2
1160,S1,S1_1,400321,ILAN,18 FT,1
1160,S1,S1_1,8301,MEGA,18 FT,1
1160,S1,S1_1,8302,ILAN,18 FT,1
1160,S1,S1_1,8312,MEGA,18 FT,1
1160,S1,S1_2,4000,APML,24 FT,1
1160,S1,S1_2,4000,ILAN,18 FT,32
1160,S1,S1_2,4000,ILAN,24 FT,1
1160,S1,S1_3,400073,APML,18 FT,9
1160,S1,S1_3,400073,EAST INDIA,18 FT,1
1160,S1,S1_3,400073,MAHAVEERA,18 FT,3
1160,S1,S1_3,400073,MEGA,18 FT,3
1160,S1,S1_3,400074,APML,18 FT,16
1160,S1,S1_3,400074,EAST INDIA,18 FT,2
1160,S1,S1_3,400074,MAHAVEERA,18 FT,2
1160,S1,S1_3,400074,MEGA,18 FT,2
1160,S1,S1_3,400171,EAST INDIA,18 FT,1
1160,S1,S1_3,400171,MAHAVEERA,18 FT,2
1160,S1,S1_3,400171,MEGA,18 FT,2
1160,S2,S2,400186,MAHAVEERA,18 FT,16
1160,S2,S2,400299,MAHAVEERA,18 FT,4
1160,S2,S2,400299,MEGA,32 MA,1
1160,S2,S2,8001,MEGA,18 FT,3
1160,S2,S2,8002,MEGA,18 FT,1
1160,S2,S2,8003,MAHAVEERA,18 FT,1
1160,S2,S2,8003,MEGA,18 FT,2
1160,S2,S2,8004,MAHAVEERA,18 FT,1
1160,S2,S2,8004,MEGA,18 FT,1
1160,S2,S2,8005,MAHAVEERA,18 FT,2
1160,S2,S2,8006,MAHAVEERA,18 FT,2
1160,S2,S2,8006,MAHAVEERA,32 MA,2
1160,S2,S2,8010,MAHAVEERA,18 FT,6
1160,S2,S2,8010,MAHAVEERA,32 MA,3
1160,S2,S2,8010,MEGA,18 FT,3
1160,S2,S2,8051,MAHAVEERA,18 FT,1
1160,S2,S2,8052,MAHAVEERA,18 FT,1
1160,S2,S2,8052,MEGA,18 FT,2
1160,S2,S2_1,4001,MEGA,18 FT,2
1160,S2,S2_1,8102,KTC,18 FT,1
1160,S2,S2_1,8103,KTC,18 FT,2
1160,S2,S2_1,8103,MEGA,18 FT,1
1160,S2,S2_1,8104,KTC,18 FT,2
1160,S2,S2_1,8104,MEGA,18 FT,1
1160,S2,S2_1,8105,KTC,18 FT,2
1160,S2,S2_1,8107,KTC,18 FT,1
1160,S2,S2_1,8110,KTC,18 FT,8
1160,S2,S2_1,8110,MEGA,18 FT,1
1160,S3,S3,8153,MAHAVEERA,18 FT,2
1160,S3,S3,8153,MEGA,32 MA,1
1160,S3,S3,8155,MAHAVEERA,18 FT,3
1160,S3,S3,8257,MAHAVEERA,18 FT,1
1160,S3,S3_1,400355,APML,18 FT,1
1160,S3,S3_1,400355,MAHAVEERA,18 FT,1
1160,S3,S3_1,8251,MAHAVEERA,18 FT,3
1160,S3,S3_1,8251,MAHAVEERA,24 FT,1
1160,S3,S3_1,8252,MAHAVEERA,18 FT,1
1160,S3,S3_1,8252,MAHAVEERA,24 FT,1
1160,S3,S3_1,8254,MAHAVEERA,18 FT,1
1160,S3,S3_1,8255,MAHAVEERA,18 FT,3
1160,S3,S3_1,8256,MAHAVEERA,18 FT,3
1160,S3,S3_1,8259,MAHAVEERA,18 FT,2
1160,S3,S3_1,8261,MAHAVEERA,18 FT,2
1160,S9,S9_6,400060,DEDICATED,32 MA,5
1160,S9,S9_6,8150,DEDICATED,32 MA,17
1160,S9,S9_6,8150,MAHAVEERA,18 FT,1
1160,S9,S9_6,8150,MEGA,18 FT,2
1160,S9,S9_6,8151,DEDICATED,32 MA,1
1160,S9,S9_6,8156,DEDICATED,32 MA,2
1160,S9,S9_6,8300,DEDICATED,32 MA,21
1160,S9,S9_6,8300,SWASTIK,18 FT,1
1160,W1,W1,400006,DGFC,32 SA,2
1160,W1,W1,400006,LG BROTHERS,32 SA,2
1160,W1,W1,400017,DGFC,32 MA,2
1160,W1,W1,400017,MAHAVEERA,32 MA,1
1160,W1,W1,400017,MEGA,32 MA,2
1160,W1,W1,400017,RCI,32 MA,1
1160,W1,W1,400034,DGFC,32 SA,3
1160,W1,W1,400034,LG BROTHERS,32 SA,1
1160,W1,W1,400182,DGFC,32 SA,3
1160,W1,W1,400182,LG BROTHERS,32 SA,3
1160,W1,W1,400191,DGFC,32 MA,2
1160,W1,W1,400191,DGFC,32 SA,3
1160,W1,W1,400191,LG BROTHERS,32 SA,10
1160,W1,W1,400191,MEGA,32 MA,1
1160,W1,W1,400331,EAST INDIA,32 SA,1
1160,W1,W1,400331,LG BROTHERS,32 SA,7
1160,W1,W1,7000,COSMO,32 MA,1
1160,W1,W1,7000,DGFC,32 MA,4
1160,W1,W1,7000,RCI,32 MA,1
1160,W1,W1,7001,RCI,32 MA,1
1160,W1,W1,7002,MEGA,32 MA,1
1160,W1,W1,7051,DGFC,32 MA,3
1160,W1,W1,7051,MEGA,32 MA,1
1160,W1,W1,7102,COSMO,32 MA,1
1160,W1,W1,7102,DGFC,32 MA,1
1160,W1,W1,7102,MEGA,32 MA,1
1160,W1,W1,7103,DGFC,32 MA,1
1160,W1,W1,7103,MAHAVEERA,32 MA,1
1160,W1,W1,7104,LG BROTHERS,32 SA,1
1160,W1,W1,7150,COSMO,32 MA,3
1160,W1,W1,7150,MAHAVEERA,32 MA,1
1160,W1,W1,7150,MEGA,32 MA,2
1160,W1,W1,7150,RCI,32 MA,1
1160,W1,W1,7151,EAST INDIA,32 MA,2
1160,W1,W1,7152,COSMO,32 MA,1
1160,W1,W1,7152,DGFC,32 MA,2
1160,W1,W1,7152,EAST INDIA,32 MA,1
1160,W1,W1,7152,MAHAVEERA,32 MA,1
1160,W1,W1,7152,TRUE,32 MA,1
1160,W1,W1,7154,DGFC,32 MA,1
1160,W2,W2,104687,RCI,32 MA,2
1160,W2,W2,104687,SWASTIK,32 MA,4
1160,W2,W2,104687,TRUE FREIGHT,32 MA,6
1160,W2,W2,400349,RCI,32 MA,1
1160,W2,W2,400349,SWASTIK,32 MA,1
1160,W2,W2,400349,TRUE FREIGHT,32 MA,1
1160,W2,W2,5156,EAST,32 MA,1
1160,W2,W2,5156,TRUE FREIGHT,32 MA,1
1160,W2,W2,7250,RCI,32 MA,1
1160,W2,W2,7250,SWASTIK,32 MA,3
1160,W2,W2,7250,TRUE FREIGHT,32 MA,3
1160,W2,W2,7251,TRUE FREIGHT,32 MA,1
1160,W2,W2,7253,TRUE FREIGHT,32 MA,2
1160,W2,W2,7302,RCI,32 MA,1
1160,W2,W2,7302,SWASTIK,32 MA,2
1160,W2,W2,7302,TRUE FREIGHT,32 MA,1
1170/1190,E1,E1,400035,DGFC,32 MA,17
1170/1190,E1,E1,400035,EAST INDIA,32 MA,4
1170/1190,E1,E1,400035,KAPOOR,32 MA,12
1170/1190,E1,E1,400035,NCS,32 MA,5
1170/1190,E1,E1,400035,TRIMURTHI,32 MA,6
1170/1190,E1,E1,4002,DGFC,32 MA,4
1170/1190,E1,E1,4002,KAPOOR,32 MA,1
1170/1190,E1,E1,4002,TRIMURTHI,32 MA,2
1170/1190,E1,E1,6200,DGFC,32 MA,6
1170/1190,E1,E1,6200,EAST INDIA,32 MA,2
1170/1190,E1,E1,6200,KAPOOR,32 MA,6
1170/1190,E1,E1,6200,NCS,32 MA,1
1170/1190,E1,E1,6200,TRIMURTHI,32 MA,2
1170/1190,E1,E1,6201,DGFC,32 MA,1
1170/1190,E1,E1,6202,DGFC,32 MA,1
1170/1190,E1,E1,6202,KAPOOR,32 MA,1
1170/1190,E1,E1,6202,TRIMURTHI,32 MA,1
1170/1190,E1,E1,6203,NCS,32 MA,1
1170/1190,E1,E1,6204,KAPOOR,32 MA,1
1170/1190,E1,E1,6206,DGFC,32 MA,2
1170/1190,E1,E1,6206,KAPOOR,32 MA,1
1170/1190,E1,E1,6207,KAPOOR,32 MA,1
1170/1190,E2,E2,6000,KAPOOR,32 MA,6
1170/1190,E2,E2,6000,NCS,32 MA,1
1170/1190,E2,E2,6000,RCI,32 MA,1
1170/1190,E2,E2,6000,VARUNA,32 MA,2
1170/1190,E2,E2,6001,KAPOOR,32 MA,1
1170/1190,E2,E2,6001,RCI,32 MA,1
1170/1190,E2,E2,6004,KAPOOR,32 MA,3
1170/1190,E2,E2,6004,VARUNA,32 MA,1
1170/1190,E2,E2,6011,NCS,32 MA,1
1170/1190,E2,E2,6012,KAPOOR,32 MA,1
1170/1190,E2,E2,6012,NCS,32 MA,1
1170/1190,E2,E2,6013,KAPOOR,32 MA,1
1170/1190,E2,E2,6053,KAPOOR,32 MA,3
1170/1190,E2,E2,6053,NCS,32 MA,1
1170/1190,E2,E2,6053,RCI,32 MA,1
1170/1190,E2,E2,6102,KAPOOR,32 MA,3
1170/1190,E2,E2,6102,NCS,32 MA,1
1170/1190,E2,E2,6102,VARUNA,32 MA,2
1170/1190,N1,N1,400020,COSMO,32 MA,2
1170/1190,N1,N1,400020,DBRC,32 MA,1
1170/1190,N1,N1,400020,EAST INDIA,32 MA,1
1170/1190,N1,N1,400020,RCI,32 MA,2
1170/1190,N1,N1,400058,RCI,32 MA,1
1170/1190,N1,N1,400302,DBRC,32 MA,1
1170/1190,N1,N1,400353,DBRC,32 MA,1
1170/1190,N1,N1,400353,EAST INDIA,32 MA,1
1170/1190,N1,N1,400353,LG BROTHERS,32 MA,1
1170/1190,N1,N1,400353,RCI,32 MA,2
1170/1190,N1,N1,400353,VARUNA,32 MA,1
1170/1190,N1,N1,5054,RCI,32 MA,1
1170/1190,N1,N1,5071,COSMO,32 MA,1
1170/1190,N1,N1_1,400126,AVG,32 MA,1
1170/1190,N1,N1_1,400126,COSMO,32 MA,1
1170/1190,N1,N1_1,400126,DBRC,32 MA,6
1170/1190,N1,N1_1,400126,EAST INDIA,32 MA,1
1170/1190,N1,N1_1,400126,LG BROTHERS,32 MA,2
1170/1190,N1,N1_1,400126,RCI,32 MA,11
1170/1190,N1,N1_1,400126,SWASTIK,32 MA,8
1170/1190,N1,N1_1,400126,VARUNA,32 MA,5
1170/1190,N1,N1_1,5115,RCI,32 MA,1
1170/1190,N1,N1_1,5151,AVG,32 MA,2
1170/1190,N1,N1_1,5151,COSMO,32 MA,1
1170/1190,N1,N1_1,5151,DBRC,32 MA,1
1170/1190,N1,N1_1,5151,RCI,32 MA,2
1170/1190,N1,N1_1,5151,SWASTIK,32 MA,1
1170/1190,N1,N1_1,5152,AVG,32 MA,2
1170/1190,N1,N1_1,5152,RCI,32 MA,1
1170/1190,N1,N1_1,5152,SWASTIK,32 MA,1
1170/1190,N1,N1_1,5153,COSMO,32 MA,1
1170/1190,N1,N1_1,5153,RCI,32 MA,1
1170/1190,N1,N1_1,5155,COSMO,32 MA,2
1170/1190,N1,N1_1,5157,LG BROTHERS,32 MA,1
1170/1190,N1,N1_1,5157,RCI,32 MA,2
1170/1190,N1,N1_1,5201,COSMO,32 MA,1
1170/1190,N1,N1_1,5201,RCI,32 MA,1
1170/1190,N1,N1_1,5203,COSMO,32 MA,3
1170/1190,N1,N1_1,5206,COSMO,32 MA,1
1170/1190,N1,N1_1,5206,RCI,32 MA,2
1170/1190,N2,N2,5050,DBRC,32 MA,4
1170/1190,N2,N2,5050,DRS,32 MA,1
1170/1190,N2,N2,5050,RCI,32 MA,8
1170/1190,N2,N2,5050,VARUNA,32 MA,7
1170/1190,N2,N2,5055,RCI,32 MA,1
1170/1190,N2,N2,5061,DRS,32 MA,1
1170/1190,N2,N2,5061,RCI,32 MA,1
1170/1190,N2,N2,5301,DRS,32 MA,3
1170/1190,N2,N2,5301,RCI,32 MA,3
1170/1190,N2,N2,5301,VARUNA,32 MA,2
1170/1190,N2,N2,5303,RCI,32 MA,1
1170/1190,N2,N2,5305,DBRC,32 MA,1
1170/1190,N2,N2,5305,RCI,32 MA,2
1170/1190,N2,N2,5306,RCI,32 MA,1
1170/1190,N2,N2,5307,DBRC,32 MA,1
1170/1190,N2,N2,5307,RCI,32 MA,1
1170/1190,N3,N3,5040,DBRC,32 MA,7
1170/1190,N3,N3,5040,DRS,32 MA,1
1170/1190,N3,N3,5040,LG BROTHERS,32 MA,7
1170/1190,N3,N3,5040,RCI,32 MA,1
1170/1190,N3,N3,5040,VARUNA,32 MA,3
1170/1190,N3,N3,5051,DBRC,32 MA,2
1170/1190,N3,N3,5051,LG BROTHERS,32 MA,1
1170/1190,N3,N3,5101,LG BROTHERS,32 MA,1
1170/1190,N3,N3,5102,DBRC,32 MA,1
1170/1190,N3,N3,5102,LG BROTHERS,32 MA,1
1170/1190,N3,N3,5103,LG BROTHERS,32 MA,1
1170/1190,N3,N3,5104,DRS,32 MA,1
1170/1190,N3,N3,5106,LG BROTHERS,32 MA,1
1170/1190,N3,N3,5107,DRS,32 MA,1
1170/1190,N3,N3,5107,LG BROTHERS,32 MA,1
1170/1190,N3,N3,5109,DBRC,32 MA,1
1170/1190,N3,N3,5109,LG BROTHERS,32 MA,1
1170/1190,N3,N3,5112,LG BROTHERS,32 MA,1
1170/1190,N3,N3,5116,LG BROTHERS,32 MA,1
1170/1190,N3,N3,5120,DBRC,32 MA,2
1170/1190,N3,N3,5120,DRS,32 MA,2
1170/1190,N3,N3,5120,LG BROTHERS,32 MA,9
1170/1190,N3,N3,5120,RCI,32 MA,4
1170/1190,N3,N3,5120,VARUNA,32 MA,5
1170/1190,S1,S1,8303,GNANABELLA,18 FT,3
1170/1190,S1,S1,8304,GNANABELLA,18 FT,8
1170/1190,S1,S1,8305,GNANABELLA,18 FT,7
1170/1190,S1,S1,8306,GNANABELLA,18 FT,2
1170/1190,S1,S1,8311,GBL,18 FT,1
1170/1190,S1,S1,8311,GNANABELLA,18 FT,5
1170/1190,S1,S1,8313,GNANABELLA,18 FT,2
1170/1190,S1,S1,8313,KTC,18 FT,1
1170/1190,S1,S1,8315,GNANABELLA,18 FT,2
1170/1190,S1,S1,8351,GBL,18 FT,1
1170/1190,S1,S1,8351,GNANABELLA,18 FT,3
1170/1190,S1,S1,8351,KTC,18 FT,3
1170/1190,S1,S1,8351,RCI,18 FT,1
1170/1190,S1,S1,8352,GBL,18 FT,1
1170/1190,S1,S1,8352,GNANABELLA,18 FT,7
1170/1190,S1,S1,8352,KTC,18 FT,1
1170/1190,S1,S1,8352,MEGA,18 FT,1
1170/1190,S1,S1,8353,GNANABELLA,18 FT,2
1170/1190,S1,S1,8353,KTC,18 FT,2
1170/1190,S1,S1,8353,MEGA,18 FT,1
1170/1190,S1,S1,8354,GNANABELLA,18 FT,3
1170/1190,S1,S1,8354,KTC,18 FT,2
1170/1190,S1,S1,8354,RCI,18 FT,1
1170/1190,S1,S1,8355,MEGA,18 FT,1
1170/1190,S1,S1,8355,RCI,18 FT,2
1170/1190,S1,S1,8356,GNANABELLA,18 FT,3
1170/1190,S1,S1,8356,KTC,18 FT,1
1170/1190,S1,S1,8356,MEGA,18 FT,1
1170/1190,S1,S1,8356,RCI,18 FT,1
1170/1190,S1,S1_1,4000,DEDICATED,32 MA,1
1170/1190,S1,S1_1,4000,GNANABELLA,18 FT,10
1170/1190,S1,S1_1,4000,ILAN,18 FT,8
1170/1190,S1,S1_1,4000,MEGA,18 FT,6
1170/1190,S1,S1_1,4000,RCI,18 FT,3
1170/1190,S1,S1_1,400196,COSMO,18 FT,1
1170/1190,S1,S1_1,400196,DEDICATED,32 MA,4
1170/1190,S1,S1_1,400196,GBL,32 MA,1
1170/1190,S1,S1_1,400196,GNANABELLA,18 FT,6
1170/1190,S1,S1_1,400196,GNANABELLA,32 MA,4
1170/1190,S1,S1_1,400196,ILAN,18 FT,4
1170/1190,S1,S1_1,400196,ILAN,32 MA,2
1170/1190,S1,S1_1,400196,MEGA,18 FT,7
1170/1190,S1,S1_1,400196,RCI,18 FT,6
1170/1190,S1,S1_1,4003,GNANABELLA,18 FT,2
1170/1190,S1,S1_1,400334,GNANABELLA,18 FT,8
1170/1190,S1,S1_1,400334,ILAN,18 FT,2
1170/1190,S1,S1_1,400334,MEGA,18 FT,7
1170/1190,S1,S1_1,400334,RCI,18 FT,6
1170/1190,S1,S1_1,8300,GNANABELLA,18 FT,15
1170/1190,S1,S1_1,8300,GNANABELLA,24 FT,1
1170/1190,S1,S1_1,8300,ILAN,18 FT,8
1170/1190,S1,S1_1,8300,MEGA,18 FT,9
1170/1190,S1,S1_1,8300,RCI,18 FT,11
1170/1190,S1,S1_1,8301,GBL,18 FT,1
1170/1190,S1,S1_1,8301,GNANABELLA,18 FT,3
1170/1190,S1,S1_1,8302,GNANABELLA,18 FT,2
1170/1190,S2,S2,400311,EAST INDIA,18 FT,1
1170/1190,S2,S2,400311,GNANABELLA,18 FT,11
1170/1190,S2,S2,8001,EAST INDIA,18 FT,4
1170/1190,S2,S2,8002,EAST INDIA,18 FT,1
1170/1190,S2,S2,8002,GBL,18 FT,1
1170/1190,S2,S2,8003,EAST INDIA,18 FT,3
1170/1190,S2,S2,8003,GNANABELLA,18 FT,1
1170/1190,S2,S2,8004,EAST INDIA,18 FT,1
1170/1190,S2,S2,8004,GNANABELLA,18 FT,3
1170/1190,S2,S2,8004,GNANABELLA,24 FT,1
1170/1190,S2,S2,8005,EAST INDIA,18 FT,4
1170/1190,S2,S2,8005,GNANABELLA,18 FT,6
1170/1190,S2,S2,8006,GNANABELLA,18 FT,4
1170/1190,S2,S2,8006,GNANABELLA,32 MA,1
1170/1190,S2,S2,8010,EAST INDIA,18 FT,2
1170/1190,S2,S2,8010,GNANABELLA,18 FT,17
1170/1190,S2,S2,8010,GNANABELLA,24 FT,2
1170/1190,S2,S2,8010,GNANABELLA,32 MA,2
1170/1190,S2,S2,8051,GNANABELLA,18 FT,6
1170/1190,S2,S2,8052,EAST INDIA,18 FT,1
1170/1190,S2,S2,8052,GNANABELLA,18 FT,5
1170/1190,S2,S2,8052,GNANABELLA,24 FT,1
1170/1190,S2,S2,8053,GNANABELLA,24 FT,1
1170/1190,S2,S2,8054,GNANABELLA,18 FT,2
1170/1190,S2,S2,8055,GNANABELLA,18 FT,2
1170/1190,S2,S2_1,4001,MEGA,18 FT,28
1170/1190,S2,S2_1,8102,MEGA,18 FT,5
1170/1190,S2,S2_1,8103,MEGA,18 FT,5
1170/1190,S2,S2_1,8104,MEGA,18 FT,3
1170/1190,S2,S2_1,8105,MEGA,18 FT,3
1170/1190,S2,S2_1,8106,MEGA,18 FT,1
1170/1190,S2,S2_1,8107,MEGA,18 FT,1
1170/1190,S2,S2_1,8110,GBL,18 FT,1
1170/1190,S2,S2_1,8110,MEGA,18 FT,14
1170/1190,S3,S3,420045,GBL,32 MA,1
1170/1190,S3,S3,8150,GNANABELLA,18 FT,31
1170/1190,S3,S3,8150,GNANABELLA,24 FT,2
1170/1190,S3,S3,8150,GNANABELLA,32 MA,2
1170/1190,S3,S3,8151,GNANABELLA,18 FT,1
1170/1190,S3,S3,8151,GNANABELLA,32 MA,1
1170/1190,S3,S3,8153,GNANABELLA,18 FT,2
1170/1190,S3,S3,8155,GNANABELLA,18 FT,1
1170/1190,S3,S3,8156,GNANABELLA,18 FT,2
1170/1190,S3,S3,8251,GNANABELLA,18 FT,1
1170/1190,S3,S3,8252,GNANABELLA,18 FT,1
1170/1190,S3,S3,8253,GNANABELLA,18 FT,1
1170/1190,S3,S3,8254,GNANABELLA,18 FT,1
1170/1190,S3,S3,8255,GBL,32 MA,1
1170/1190,S3,S3,8255,GNANABELLA,18 FT,2
1170/1190,S3,S3,8259,GBL,24 FT,1
1170/1190,S3,S3,8259,GNANABELLA,18 FT,1
1170/1190,S3,S3,8261,GNANABELLA,18 FT,1
1170/1190,W1,W1,400003,EAST INDIA,32 MA,1
1170/1190,W1,W1,400003,EXPRESS,32 MA,2
1170/1190,W1,W1,400003,MEGA,32 MA,7
1170/1190,W1,W1,7000,EAST INDIA,32 MA,6
1170/1190,W1,W1,7000,EXPRESS,32 MA,1
1170/1190,W1,W1,7002,EXPRESS,32 MA,1
1170/1190,W1,W1,7051,EXPRESS,32 MA,5
1170/1190,W1,W1,7102,EXPRESS,32 MA,5
1170/1190,W1,W1,7103,EXPRESS,32 MA,4
1170/1190,W1,W1,7104,EXPRESS,32 MA,1
1170/1190,W1,W1,7105,EXPRESS,32 MA,3
1170/1190,W1,W1,7105,MEGA,32 MA,1
1170/1190,W1,W1,7150,EAST INDIA,32 MA,1
1170/1190,W1,W1,7150,EXPRESS,32 MA,9
1170/1190,W1,W1,7150,MEGA,32 MA,6
1170/1190,W1,W1,7151,EXPRESS,32 MA,2
1170/1190,W1,W1,7151,MEGA,32 MA,3
1170/1190,W1,W1,7152,EXPRESS,32 MA,2
1170/1190,W1,W1,7152,MEGA,32 MA,4
1170/1190,W1,W1,7153,EXPRESS,32 MA,3
1170/1190,W1,W1,7154,EXPRESS,32 MA,1
1170/1190,W1,W1,7157,EXPRESS,32 MA,2
1170/1190,W2,W2,5156,HARSH,32 MA,2
1170/1190,W2,W2,5156,SWASTIK,32 MA,1
1170/1190,W2,W2,7250,DGFC,32 MA,4
1170/1190,W2,W2,7250,HARSH,32 MA,3
1170/1190,W2,W2,7250,SWASTIK,32 MA,4
1170/1190,W2,W2,7251,HARSH,32 MA,2
1170/1190,W2,W2,7252,HARSH,32 MA,2
1170/1190,W2,W2,7253,SWASTIK,32 MA,1
1170/1190,W2,W2,7254,HARSH,32 MA,1
1170/1190,W2,W2,7254,SWASTIK,32 MA,1
1170/1190,W2,W2,7301,HARSH,32 MA,1
1170/1190,W2,W2,7302,HARSH,32 MA,3
1170/1190,W2,W2,7302,SWASTIK,32 MA,4

